
> presensi-medis-pintar@0.1.0 start
> next start

▲ Next.js 16.2.12
- Local:         http://localhost:3000
- Network:       http://192.168.3.87:3000
✓ Ready in 371ms
[Browser] Using local Chrome: C:\Program Files (x86)\Google\Chrome\Application\chrome.exe
[Browser] Using local Chrome: C:\Program Files (x86)\Google\Chrome\Application\chrome.exe
[Browser] Using local Chrome: C:\Program Files (x86)\Google\Chrome\Application\chrome.exe
[Browser] Using local Chrome: C:\Program Files (x86)\Google\Chrome\Application\chrome.exe
[Browser] Using local Chrome: C:\Program Files (x86)\Google\Chrome\Application\chrome.exe
Error [InvariantError]: Invariant: The client reference manifest for route "/admin/login" does not exist. This is a bug in Next.js.
    at Object.get (D:\app\diklat\presensi-medis-pintar\.next\server\chunks\3445.js:13:1162)
⨯ Error [InvariantError]: Invariant: The client reference manifest for route "/admin/login" does not exist. This is a bug in Next.js.
    at Object.get (D:\app\diklat\presensi-medis-pintar\.next\server\chunks\3445.js:13:1162)
⨯ Error [InvariantError]: Invariant: The client reference manifest for route "/admin/login" does not exist. This is a bug in Next.js.
    at Object.get (D:\app\diklat\presensi-medis-pintar\.next\server\chunks\3445.js:13:1162)
⨯ Error: Failed to load static file for page: /500 ENOENT: no such file or directory, open 'D:\app\diklat\presensi-medis-pintar\.next\server\pages\500.html'
    at ignore-listed frames
Error [InvariantError]: Invariant: The client reference manifest for route "/admin/login" does not exist. This is a bug in Next.js.
    at Object.get (D:\app\diklat\presensi-medis-pintar\.next\server\chunks\3445.js:13:1162)
⨯ Error [InvariantError]: Invariant: The client reference manifest for route "/admin/login" does not exist. This is a bug in Next.js.
    at Object.get (D:\app\diklat\presensi-medis-pintar\.next\server\chunks\3445.js:13:1162)
⨯ Error [InvariantError]: Invariant: The client reference manifest for route "/admin/login" does not exist. This is a bug in Next.js.
    at Object.get (D:\app\diklat\presensi-medis-pintar\.next\server\chunks\3445.js:13:1162)
⨯ Error: Failed to load static file for page: /500 ENOENT: no such file or directory, open 'D:\app\diklat\presensi-medis-pintar\.next\server\pages\500.html'
    at ignore-listed frames
Error [InvariantError]: Invariant: The client reference manifest for route "/admin/login" does not exist. This is a bug in Next.js.
    at Object.get (D:\app\diklat\presensi-medis-pintar\.next\server\chunks\3445.js:13:1162)
⨯ Error [InvariantError]: Invariant: The client reference manifest for route "/admin/login" does not exist. This is a bug in Next.js.
    at Object.get (D:\app\diklat\presensi-medis-pintar\.next\server\chunks\3445.js:13:1162)
⨯ Error [InvariantError]: Invariant: The client reference manifest for route "/admin/login" does not exist. This is a bug in Next.js.
    at Object.get (D:\app\diklat\presensi-medis-pintar\.next\server\chunks\3445.js:13:1162)
⨯ Error: Failed to load static file for page: /500 ENOENT: no such file or directory, open 'D:\app\diklat\presensi-medis-pintar\.next\server\pages\500.html'
    at ignore-listed frames
[Browser] Using local Chrome: C:\Program Files (x86)\Google\Chrome\Application\chrome.exe
[Browser] Using local Chrome: C:\Program Files (x86)\Google\Chrome\Application\chrome.exe
[Browser] Using local Chrome: C:\Program Files (x86)\Google\Chrome\Application\chrome.exe
[Browser] Using local Chrome: C:\Program Files (x86)\Google\Chrome\Application\chrome.exe
[SPEAKERS_GET] seminarId dari URL: mscli4djefq3dtbz9
[SPEAKERS_GET] Memulai query...
[SPEAKERS_GET] seminarId dari URL: ms5q3un6vd6k0r83c
[SPEAKERS_GET] Memulai query...
[SPEAKERS_GET] seminarId dari URL: ms5pxu8x5isrztnek
[SPEAKERS_GET] Memulai query...
[SPEAKERS_GET] seminarId dari URL: ms2q5yqrr4k576eke
[SPEAKERS_GET] Memulai query...
[SPEAKERS_GET] Raw query result: [{"id":"mscp2taoomhekwxy7","seminar_id":"mscli4djefq3dtbz9","name":"dr. Muhammad Ilham Agung Nugroho","topic":"Dasar-Dasar K3, Penanganan Asuhan Aman, Penanggulangan Kekerasan","display_order":1,"is_deleted":false,"created_at":"2026-08-03 03:53:51.313151"},{"id":"mscp2tc97lr7i8z5n","seminar_id":"mscli4djefq3dtbz9","name":"Wahyu Ekanto  S.Si","topic":"Keselamatan dan Keamanan Fasilitas & Lingkungan","display_order":2,"is_deleted":false,"created_at":"2026-08-03 03:53:51.370403"},{"id":"mscp38nunpuuh7z3z","seminar_id":"mscli4djefq3dtbz9","name":"dr. Muhammad Ilham Agung Nugroho","topic":"Pengamanan Kebakaran","display_order":6,"is_deleted":false,"created_at":"2026-08-03 03:54:11.227312"},{"id":"mscp38osudlm1m1or","seminar_id":"mscli4djefq3dtbz9","name":"Ari Parwanto","topic":"Pengelolaan Sistem Utilitas","display_order":7,"is_deleted":false,"created_at":"2026-08-03 03:54:11.261374"},{"id":"mscp38psj3ppuf303","seminar_id":"mscli4djefq3dtbz9","name":"Wibowo Aryo Tejo, S.T., MM","topic":"Pengelolaan Alat Kesehatan","display_order":8,"is_deleted":false,"created_at":"2026-08-03 03:54:11.297089"},{"id":"mscp38qspk0bl3vcf","seminar_id":"mscli4djefq3dtbz9","name":"Fakhri Dzulfiqar, S.Tr.Kes","topic":"Pengelolaan B3 dan Limbah B3","display_order":9,"is_deleted":false,"created_at":"2026-08-03 03:54:11.332931"},{"id":"mscp38s07wbt7v6db","seminar_id":"mscli4djefq3dtbz9","name":"dr. Eva Delsi, Sp.Em,KDM,FICEP","topic":"Kesiapsiagaan dalam Kondisi Darurat dan Bencana","display_order":10,"is_deleted":false,"created_at":"2026-08-03 03:54:11.376506"}]
[SPEAKERS_GET] seminarId dari URL: ms2oddqy3ojqtsfsy
[SPEAKERS_GET] Memulai query...
[SPEAKERS_GET] seminarId dari URL: ms2nttf9cykkopxko
[SPEAKERS_GET] Memulai query...
[SPEAKERS_GET] Raw query result: [{"id":"msfob256vd9w7pc1n","seminar_id":"ms5q3un6vd6k0r83c","name":"dr. Rika Erlinawati Sakinah, Sp.OG.","topic":"Optimalisasi Pelayanan Keluarga Berencana Pasca Persalinan dan Pasca Keguguran","display_order":1,"is_deleted":false,"created_at":"2026-08-05 05:55:34.940249"},{"id":"msfob8rw84tvnyaxc","seminar_id":"ms5q3un6vd6k0r83c","name":"dr. Rika Erlinawati Sakinah, Sp.OG.","topic":"Penanganan Perdarahan Post Partum Baik Partus Spontan Maupun Post Section Caesarea ","display_order":3,"is_deleted":false,"created_at":"2026-08-05 05:55:43.534324"},{"id":"msfobre61r1adwjjp","seminar_id":"ms5q3un6vd6k0r83c","name":"dr. Crodia Hernandes, Sp.An-TI.,FIP","topic":"Resusitasi Perdarahan Pascapersalinan (PPH)","display_order":9,"is_deleted":false,"created_at":"2026-08-05 05:56:07.665211"}]
[SPEAKERS_GET] Data ditemukan: 7 record(s)
[SPEAKERS_GET] seminarId dari URL: ms2lo0wjpr9iv7mjr
[SPEAKERS_GET] Memulai query...
[SPEAKERS_GET] Data ditemukan: 3 record(s)
[SPEAKERS_GET] Raw query result: [{"id":"ms2lo3pvvpevearqa","seminar_id":"ms2lo0wjpr9iv7mjr","name":"Wati Wusana, S.Kep.Ns, MM","topic":"Pengertian Hygienitas Makanan","display_order":1,"is_deleted":false,"created_at":"2026-07-27 02:20:44.482144"},{"id":"ms2lo4mrmrbel5vw8","seminar_id":"ms2lo0wjpr9iv7mjr","name":"Wati Wusana, S.Kep.Ns, MM","topic":"Pelayanan Makanan dalam Fokus Program PPI","display_order":2,"is_deleted":false,"created_at":"2026-07-27 02:20:45.666039"},{"id":"ms2lo5jfuczzsc243","seminar_id":"ms2lo0wjpr9iv7mjr","name":"Wati Wusana, S.Kep.Ns, MM","topic":"Pelayanan Gizi - Identifikasi Risiko Infeksi","display_order":3,"is_deleted":false,"created_at":"2026-07-27 02:20:46.842037"},{"id":"ms2lo6qefo2zk0i1g","seminar_id":"ms2lo0wjpr9iv7mjr","name":"Wati Wusana, S.Kep.Ns, MM","topic":"Proses Pengolahan Makanan di RS","display_order":4,"is_deleted":false,"created_at":"2026-07-27 02:20:48.388864"}]
[SPEAKERS_GET] seminarId dari URL: ms5orpa34hgapetos
[SPEAKERS_GET] Memulai query...
[SPEAKERS_GET] Raw query result: [{"id":"ms5orq6sjj107zu3f","seminar_id":"ms5orpa34hgapetos","name":"dr. Desatya Rossa Amygha, MM","topic":"Konsep Peningkatan Mutu dengan PDSA","display_order":1,"is_deleted":false,"created_at":"2026-07-29 06:10:50.946236"},{"id":"ms5orr3ri7z5ztc8b","seminar_id":"ms5orpa34hgapetos","name":"dr. Desatya Rossa Amygha, MM","topic":"Pemilihan, Penetapan Indikator Mutu","display_order":2,"is_deleted":false,"created_at":"2026-07-29 06:10:52.140225"},{"id":"ms5ors3lrho8sof4c","seminar_id":"ms5orpa34hgapetos","name":"dr. Desatya Rossa Amygha, MM","topic":"Penyusunan Profil Mutu","display_order":3,"is_deleted":false,"created_at":"2026-07-29 06:10:53.421262"},{"id":"ms5orsyt81kqb5hj4","seminar_id":"ms5orpa34hgapetos","name":"dr. Desatya Rossa Amygha, MM","topic":"Perbaikan Mutu Prioritas","display_order":4,"is_deleted":false,"created_at":"2026-07-29 06:10:54.546991"}]
[SPEAKERS_GET] Data ditemukan: 4 record(s)
[SPEAKERS_GET] seminarId dari URL: ms5jzkwuqsq8x6g0g
[SPEAKERS_GET] Memulai query...
[SPEAKERS_GET] Raw query result: [{"id":"ms5jzlt5jn506n7yc","seminar_id":"ms5jzkwuqsq8x6g0g","name":"dr. Eva Delsi, Sp.Em, KDM, FICEP","topic":"Tujuan Bantuan Hidup Dasar","display_order":1,"is_deleted":false,"created_at":"2026-07-29 03:57:00.438616"},{"id":"ms5jzmq1gd9qyhv66","seminar_id":"ms5jzkwuqsq8x6g0g","name":"dr. Eva Delsi, Sp.Em, KDM, FICEP","topic":"Indikasi Bantuan Hidup Dasar","display_order":2,"is_deleted":false,"created_at":"2026-07-29 03:57:01.63229"},{"id":"ms5jznnevpz0f44nk","seminar_id":"ms5jzkwuqsq8x6g0g","name":"dr. Eva Delsi, Sp.Em, KDM, FICEP","topic":"Langkah-langkah Resusitasi Jantung dan Paru","display_order":3,"is_deleted":false,"created_at":"2026-07-29 03:57:02.830453"},{"id":"ms5jzok8xljn3q14j","seminar_id":"ms5jzkwuqsq8x6g0g","name":"Wati Wusana, S.Kep.Ns, M.M","topic":"Kewaspadaan Standar","display_order":4,"is_deleted":false,"created_at":"2026-07-29 03:57:04.006821"},{"id":"ms5jzpgmprveog115","seminar_id":"ms5jzkwuqsq8x6g0g","name":"Wati Wusana, S.Kep.Ns, M.M","topic":"Kewaspadaan Transmisi","display_order":5,"is_deleted":false,"created_at":"2026-07-29 03:57:05.172598"},{"id":"ms5jzqcs50w2jyoi3","seminar_id":"ms5jzkwuqsq8x6g0g","name":"dr. Muhammad Ilham Agung Nugroho","topic":"Penggunaan Alat Pemadam Api Ringan","display_order":6,"is_deleted":false,"created_at":"2026-07-29 03:57:06.338069"},{"id":"ms5jzr9uw8d4p9262","seminar_id":"ms5jzkwuqsq8x6g0g","name":"dr. Muhammad Ilham Agung Nugroho","topic":"Jalur Evakuasi dan Titik Kumpul","display_order":7,"is_deleted":false,"created_at":"2026-07-29 03:57:07.521489"},{"id":"ms5jzs6fkxc86dk1m","seminar_id":"ms5jzkwuqsq8x6g0g","name":"dr. Muhammad Ilham Agung Nugroho","topic":"Sistem Kode Darurat","display_order":8,"is_deleted":false,"created_at":"2026-07-29 03:57:08.699746"},{"id":"ms5jzt95d5dgp3g7p","seminar_id":"ms5jzkwuqsq8x6g0g","name":"dr. Muhammad Ilham Agung Nugroho","topic":"Teknik Evakuasi","display_order":9,"is_deleted":false,"created_at":"2026-07-29 03:57:10.09534"}]
[SPEAKERS_GET] Data ditemukan: 4 record(s)
[SPEAKERS_GET] Raw query result: [{"id":"ms2qwgvtc1odv3bgh","seminar_id":"ms2q5yqrr4k576eke","name":"Wati Wusana, S.Kep.Ners, MM","topic":"Dekontaminasi Alat","display_order":1,"is_deleted":false,"created_at":"2026-07-27 04:47:12.868353"},{"id":"ms2qwkn4lxzep8i5x","seminar_id":"ms2q5yqrr4k576eke","name":"Wati Wusana, S.Kep.Ners, MM","topic":"Pengelolaan Limbah","display_order":2,"is_deleted":false,"created_at":"2026-07-27 04:47:22.066253"},{"id":"ms2qwovwf1k9vif7p","seminar_id":"ms2q5yqrr4k576eke","name":"Wati Wusana, S.Kep.Ners, MM","topic":"Pengendalian Lingkungan","display_order":3,"is_deleted":false,"created_at":"2026-07-27 04:47:23.238489"},{"id":"ms2qwpqrb8awgvndd","seminar_id":"ms2q5yqrr4k576eke","name":"Wati Wusana, S.Kep.Ners, MM","topic":"Pengelolaan Linen","display_order":4,"is_deleted":false,"created_at":"2026-07-27 04:47:24.352531"},{"id":"ms2qwqmhrpx52ayz0","seminar_id":"ms2q5yqrr4k576eke","name":"Singgih Setyo Aji, S.Kep.Ners.","topic":"Kesehatan Petugas","display_order":5,"is_deleted":false,"created_at":"2026-07-27 04:47:25.61395"},{"id":"ms2qwrlfr79kx1vr6","seminar_id":"ms2q5yqrr4k576eke","name":"Singgih Setyo Aji, S.Kep.Ners.","topic":"Penempatan Pasien","display_order":6,"is_deleted":false,"created_at":"2026-07-27 04:47:26.820768"},{"id":"ms2qwskhi9wyms0rj","seminar_id":"ms2q5yqrr4k576eke","name":"Singgih Setyo Aji, S.Kep.Ners.","topic":"Teknik Penyuntikan yang Aman","display_order":7,"is_deleted":false,"created_at":"2026-07-27 04:47:28.316557"},{"id":"ms2qwtubtffrxande","seminar_id":"ms2q5yqrr4k576eke","name":"Singgih Setyo Aji, S.Kep.Ners.","topic":"Etika Batuk yang Benar","display_order":8,"is_deleted":false,"created_at":"2026-07-27 04:47:29.672537"},{"id":"ms2qwuqm09rnqpvvo","seminar_id":"ms2q5yqrr4k576eke","name":"Singgih Setyo Aji, S.Kep.Ners.","topic":"Lumbal Pungsi","display_order":9,"is_deleted":false,"created_at":"2026-07-27 04:47:30.915145"},{"id":"ms2w578k3z037v78v","seminar_id":"ms2q5yqrr4k576eke","name":"dr. Jhon Kenedi, Sp.N","topic":"Kewaspadaan Berdasar Transmisi","display_order":10,"is_deleted":false,"created_at":"2026-07-27 07:13:58.351961"}]
[SPEAKERS_GET] Raw query result: [{"id":"ms2odenu8oywsj8gm","seminar_id":"ms2oddqy3ojqtsfsy","name":"dr. Desatya Rossa Amygha, MM","topic":"Ketepatan Identifikasi Pasien","display_order":1,"is_deleted":false,"created_at":"2026-07-27 03:36:24.296595"},{"id":"ms2odfki8827m4zf6","seminar_id":"ms2oddqy3ojqtsfsy","name":"dr. Desatya Rossa Amygha, MM","topic":"Komunikasi Efektif","display_order":2,"is_deleted":false,"created_at":"2026-07-27 03:36:25.472616"},{"id":"ms2odggyazt2wrqur","seminar_id":"ms2oddqy3ojqtsfsy","name":"dr. Desatya Rossa Amygha, MM","topic":"Keamanan Obat yang Perlu Diwaspadai","display_order":3,"is_deleted":false,"created_at":"2026-07-27 03:36:26.641725"},{"id":"ms2odhd3qpfzulfhb","seminar_id":"ms2oddqy3ojqtsfsy","name":"dr. Desatya Rossa Amygha, MM","topic":"Tepat Lokasi, Tepat Prosedur, Tepat Pasien Operasi","display_order":4,"is_deleted":false,"created_at":"2026-07-27 03:36:27.793096"},{"id":"ms2odiaqrvka9x9q6","seminar_id":"ms2oddqy3ojqtsfsy","name":"dr. Desatya Rossa Amygha, MM","topic":"Pencegahan dan Pengendalian Infeksi","display_order":5,"is_deleted":false,"created_at":"2026-07-27 03:36:29.008441"},{"id":"ms8ec3pounag3bm52","seminar_id":"ms2oddqy3ojqtsfsy","name":"dr. Desatya Rossa Amygha, MM","topic":"Pencegahan Risiko Pasien Jatuh","display_order":6,"is_deleted":false,"created_at":"2026-07-31 03:42:04.342932"}]
[SPEAKERS_GET] Data ditemukan: 9 record(s)
[SPEAKERS_GET] Data ditemukan: 10 record(s)
[SPEAKERS_GET] Data ditemukan: 6 record(s)
[SPEAKERS_GET] Raw query result: [{"id":"ms8gln7kn8u2o2baa","seminar_id":"ms5pxu8x5isrztnek","name":"dr. Desatya Rossa Amygha, MM","topic":"Hak Memperoleh Pelayanan","display_order":1,"is_deleted":false,"created_at":"2026-07-31 04:45:28.758484"},{"id":"ms8glo4n9m460nlaf","seminar_id":"ms5pxu8x5isrztnek","name":"dr. Desatya Rossa Amygha, MM","topic":"Hak atas Informasi dan Komunikasi","display_order":2,"is_deleted":false,"created_at":"2026-07-31 04:45:29.948477"},{"id":"ms8glp0wd4p53qguw","seminar_id":"ms5pxu8x5isrztnek","name":"dr. Desatya Rossa Amygha, MM","topic":"Hak Menentukan Pilihan Sendiri","display_order":3,"is_deleted":false,"created_at":"2026-07-31 04:45:31.099096"},{"id":"ms8glpwp0gx0qyp0r","seminar_id":"ms5pxu8x5isrztnek","name":"dr. Desatya Rossa Amygha, MM","topic":"Hak atas Privasi dan Kerahasiaan","display_order":4,"is_deleted":false,"created_at":"2026-07-31 04:45:32.244243"},{"id":"ms8glqvxi5o58hwyg","seminar_id":"ms5pxu8x5isrztnek","name":"dr. Desatya Rossa Amygha, MM","topic":"Hak atas Perlindungan dan Keselamatan","display_order":5,"is_deleted":false,"created_at":"2026-07-31 04:45:33.509784"},{"id":"ms8glrsgcb9rjlhyv","seminar_id":"ms5pxu8x5isrztnek","name":"dr. Desatya Rossa Amygha, MM","topic":"Hak Dihormati sebagai Individu","display_order":6,"is_deleted":false,"created_at":"2026-07-31 04:45:34.694621"},{"id":"ms8glsp1go62sro2s","seminar_id":"ms5pxu8x5isrztnek","name":"dr. Desatya Rossa Amygha, MM","topic":"Hak atas Penyampaian Aspirasi, Keluhan, dan Penyelesaian","display_order":7,"is_deleted":false,"created_at":"2026-07-31 04:45:35.860333"}]
[SPEAKERS_GET] Raw query result: [{"id":"ms2ntuavl3rhypemu","seminar_id":"ms2nttf9cykkopxko","name":"Wati Wusana, S.Kep.Ns, MM","topic":"Prinsip-Prinsip PPI dalam Phlebotomy","display_order":1,"is_deleted":false,"created_at":"2026-07-27 03:21:11.442271"},{"id":"ms2ntv6y52xtexzyh","seminar_id":"ms2nttf9cykkopxko","name":"Umi Aminatul Kirom, S.Si.T, M.Kes","topic":"Sinergi dalam Phlebotomy: Meningkatkan Keselamatan Pasien dan Kualitas Spesimen","display_order":2,"is_deleted":false,"created_at":"2026-07-27 03:21:12.601342"},{"id":"ms8ea0l86autxwdj5","seminar_id":"ms2nttf9cykkopxko","name":"dr. Hegaria Rahmawati, M.Kes.,Sp.PK(K).","topic":"Phlebotomy: Faktor Penyulit, Komplikasi dan Penanganan","display_order":3,"is_deleted":false,"created_at":"2026-07-31 03:40:26.98639"}]
[SPEAKERS_GET] Data ditemukan: 7 record(s)
[SPEAKERS_GET] Data ditemukan: 3 record(s)
[SPEAKERS_GET] seminarId dari URL: mscli4djefq3dtbz9
[SPEAKERS_GET] Memulai query...
[SPEAKERS_GET] seminarId dari URL: ms5q3un6vd6k0r83c
[SPEAKERS_GET] Memulai query...
[SPEAKERS_GET] Raw query result: [{"id":"msfob256vd9w7pc1n","seminar_id":"ms5q3un6vd6k0r83c","name":"dr. Rika Erlinawati Sakinah, Sp.OG.","topic":"Optimalisasi Pelayanan Keluarga Berencana Pasca Persalinan dan Pasca Keguguran","display_order":1,"is_deleted":false,"created_at":"2026-08-05 05:55:34.940249"},{"id":"msfob8rw84tvnyaxc","seminar_id":"ms5q3un6vd6k0r83c","name":"dr. Rika Erlinawati Sakinah, Sp.OG.","topic":"Penanganan Perdarahan Post Partum Baik Partus Spontan Maupun Post Section Caesarea ","display_order":3,"is_deleted":false,"created_at":"2026-08-05 05:55:43.534324"},{"id":"msfobre61r1adwjjp","seminar_id":"ms5q3un6vd6k0r83c","name":"dr. Crodia Hernandes, Sp.An-TI.,FIP","topic":"Resusitasi Perdarahan Pascapersalinan (PPH)","display_order":9,"is_deleted":false,"created_at":"2026-08-05 05:56:07.665211"}]
[SPEAKERS_GET] Raw query result: [{"id":"mscp2taoomhekwxy7","seminar_id":"mscli4djefq3dtbz9","name":"dr. Muhammad Ilham Agung Nugroho","topic":"Dasar-Dasar K3, Penanganan Asuhan Aman, Penanggulangan Kekerasan","display_order":1,"is_deleted":false,"created_at":"2026-08-03 03:53:51.313151"},{"id":"mscp2tc97lr7i8z5n","seminar_id":"mscli4djefq3dtbz9","name":"Wahyu Ekanto  S.Si","topic":"Keselamatan dan Keamanan Fasilitas & Lingkungan","display_order":2,"is_deleted":false,"created_at":"2026-08-03 03:53:51.370403"},{"id":"mscp38nunpuuh7z3z","seminar_id":"mscli4djefq3dtbz9","name":"dr. Muhammad Ilham Agung Nugroho","topic":"Pengamanan Kebakaran","display_order":6,"is_deleted":false,"created_at":"2026-08-03 03:54:11.227312"},{"id":"mscp38osudlm1m1or","seminar_id":"mscli4djefq3dtbz9","name":"Ari Parwanto","topic":"Pengelolaan Sistem Utilitas","display_order":7,"is_deleted":false,"created_at":"2026-08-03 03:54:11.261374"},{"id":"mscp38psj3ppuf303","seminar_id":"mscli4djefq3dtbz9","name":"Wibowo Aryo Tejo, S.T., MM","topic":"Pengelolaan Alat Kesehatan","display_order":8,"is_deleted":false,"created_at":"2026-08-03 03:54:11.297089"},{"id":"mscp38qspk0bl3vcf","seminar_id":"mscli4djefq3dtbz9","name":"Fakhri Dzulfiqar, S.Tr.Kes","topic":"Pengelolaan B3 dan Limbah B3","display_order":9,"is_deleted":false,"created_at":"2026-08-03 03:54:11.332931"},{"id":"mscp38s07wbt7v6db","seminar_id":"mscli4djefq3dtbz9","name":"dr. Eva Delsi, Sp.Em,KDM,FICEP","topic":"Kesiapsiagaan dalam Kondisi Darurat dan Bencana","display_order":10,"is_deleted":false,"created_at":"2026-08-03 03:54:11.376506"}]
[SPEAKERS_GET] Data ditemukan: 3 record(s)
[SPEAKERS_GET] Data ditemukan: 7 record(s)
[SPEAKERS_GET] seminarId dari URL: ms5pxu8x5isrztnek
[SPEAKERS_GET] Memulai query...
[SPEAKERS_GET] seminarId dari URL: ms2q5yqrr4k576eke
[SPEAKERS_GET] Memulai query...
[SPEAKERS_GET] Raw query result: [{"id":"ms8gln7kn8u2o2baa","seminar_id":"ms5pxu8x5isrztnek","name":"dr. Desatya Rossa Amygha, MM","topic":"Hak Memperoleh Pelayanan","display_order":1,"is_deleted":false,"created_at":"2026-07-31 04:45:28.758484"},{"id":"ms8glo4n9m460nlaf","seminar_id":"ms5pxu8x5isrztnek","name":"dr. Desatya Rossa Amygha, MM","topic":"Hak atas Informasi dan Komunikasi","display_order":2,"is_deleted":false,"created_at":"2026-07-31 04:45:29.948477"},{"id":"ms8glp0wd4p53qguw","seminar_id":"ms5pxu8x5isrztnek","name":"dr. Desatya Rossa Amygha, MM","topic":"Hak Menentukan Pilihan Sendiri","display_order":3,"is_deleted":false,"created_at":"2026-07-31 04:45:31.099096"},{"id":"ms8glpwp0gx0qyp0r","seminar_id":"ms5pxu8x5isrztnek","name":"dr. Desatya Rossa Amygha, MM","topic":"Hak atas Privasi dan Kerahasiaan","display_order":4,"is_deleted":false,"created_at":"2026-07-31 04:45:32.244243"},{"id":"ms8glqvxi5o58hwyg","seminar_id":"ms5pxu8x5isrztnek","name":"dr. Desatya Rossa Amygha, MM","topic":"Hak atas Perlindungan dan Keselamatan","display_order":5,"is_deleted":false,"created_at":"2026-07-31 04:45:33.509784"},{"id":"ms8glrsgcb9rjlhyv","seminar_id":"ms5pxu8x5isrztnek","name":"dr. Desatya Rossa Amygha, MM","topic":"Hak Dihormati sebagai Individu","display_order":6,"is_deleted":false,"created_at":"2026-07-31 04:45:34.694621"},{"id":"ms8glsp1go62sro2s","seminar_id":"ms5pxu8x5isrztnek","name":"dr. Desatya Rossa Amygha, MM","topic":"Hak atas Penyampaian Aspirasi, Keluhan, dan Penyelesaian","display_order":7,"is_deleted":false,"created_at":"2026-07-31 04:45:35.860333"}]
[SPEAKERS_GET] Raw query result: [{"id":"ms2qwgvtc1odv3bgh","seminar_id":"ms2q5yqrr4k576eke","name":"Wati Wusana, S.Kep.Ners, MM","topic":"Dekontaminasi Alat","display_order":1,"is_deleted":false,"created_at":"2026-07-27 04:47:12.868353"},{"id":"ms2qwkn4lxzep8i5x","seminar_id":"ms2q5yqrr4k576eke","name":"Wati Wusana, S.Kep.Ners, MM","topic":"Pengelolaan Limbah","display_order":2,"is_deleted":false,"created_at":"2026-07-27 04:47:22.066253"},{"id":"ms2qwovwf1k9vif7p","seminar_id":"ms2q5yqrr4k576eke","name":"Wati Wusana, S.Kep.Ners, MM","topic":"Pengendalian Lingkungan","display_order":3,"is_deleted":false,"created_at":"2026-07-27 04:47:23.238489"},{"id":"ms2qwpqrb8awgvndd","seminar_id":"ms2q5yqrr4k576eke","name":"Wati Wusana, S.Kep.Ners, MM","topic":"Pengelolaan Linen","display_order":4,"is_deleted":false,"created_at":"2026-07-27 04:47:24.352531"},{"id":"ms2qwqmhrpx52ayz0","seminar_id":"ms2q5yqrr4k576eke","name":"Singgih Setyo Aji, S.Kep.Ners.","topic":"Kesehatan Petugas","display_order":5,"is_deleted":false,"created_at":"2026-07-27 04:47:25.61395"},{"id":"ms2qwrlfr79kx1vr6","seminar_id":"ms2q5yqrr4k576eke","name":"Singgih Setyo Aji, S.Kep.Ners.","topic":"Penempatan Pasien","display_order":6,"is_deleted":false,"created_at":"2026-07-27 04:47:26.820768"},{"id":"ms2qwskhi9wyms0rj","seminar_id":"ms2q5yqrr4k576eke","name":"Singgih Setyo Aji, S.Kep.Ners.","topic":"Teknik Penyuntikan yang Aman","display_order":7,"is_deleted":false,"created_at":"2026-07-27 04:47:28.316557"},{"id":"ms2qwtubtffrxande","seminar_id":"ms2q5yqrr4k576eke","name":"Singgih Setyo Aji, S.Kep.Ners.","topic":"Etika Batuk yang Benar","display_order":8,"is_deleted":false,"created_at":"2026-07-27 04:47:29.672537"},{"id":"ms2qwuqm09rnqpvvo","seminar_id":"ms2q5yqrr4k576eke","name":"Singgih Setyo Aji, S.Kep.Ners.","topic":"Lumbal Pungsi","display_order":9,"is_deleted":false,"created_at":"2026-07-27 04:47:30.915145"},{"id":"ms2w578k3z037v78v","seminar_id":"ms2q5yqrr4k576eke","name":"dr. Jhon Kenedi, Sp.N","topic":"Kewaspadaan Berdasar Transmisi","display_order":10,"is_deleted":false,"created_at":"2026-07-27 07:13:58.351961"}]
[SPEAKERS_GET] seminarId dari URL: ms2oddqy3ojqtsfsy
[SPEAKERS_GET] Memulai query...
[SPEAKERS_GET] seminarId dari URL: ms2nttf9cykkopxko
[SPEAKERS_GET] Memulai query...
[SPEAKERS_GET] seminarId dari URL: ms2lo0wjpr9iv7mjr
[SPEAKERS_GET] Memulai query...
[SPEAKERS_GET] seminarId dari URL: ms5orpa34hgapetos
[SPEAKERS_GET] Memulai query...
[SPEAKERS_GET] Data ditemukan: 7 record(s)
[SPEAKERS_GET] Raw query result: [{"id":"ms2ntuavl3rhypemu","seminar_id":"ms2nttf9cykkopxko","name":"Wati Wusana, S.Kep.Ns, MM","topic":"Prinsip-Prinsip PPI dalam Phlebotomy","display_order":1,"is_deleted":false,"created_at":"2026-07-27 03:21:11.442271"},{"id":"ms2ntv6y52xtexzyh","seminar_id":"ms2nttf9cykkopxko","name":"Umi Aminatul Kirom, S.Si.T, M.Kes","topic":"Sinergi dalam Phlebotomy: Meningkatkan Keselamatan Pasien dan Kualitas Spesimen","display_order":2,"is_deleted":false,"created_at":"2026-07-27 03:21:12.601342"},{"id":"ms8ea0l86autxwdj5","seminar_id":"ms2nttf9cykkopxko","name":"dr. Hegaria Rahmawati, M.Kes.,Sp.PK(K).","topic":"Phlebotomy: Faktor Penyulit, Komplikasi dan Penanganan","display_order":3,"is_deleted":false,"created_at":"2026-07-31 03:40:26.98639"}]
[SPEAKERS_GET] Raw query result: [{"id":"ms2odenu8oywsj8gm","seminar_id":"ms2oddqy3ojqtsfsy","name":"dr. Desatya Rossa Amygha, MM","topic":"Ketepatan Identifikasi Pasien","display_order":1,"is_deleted":false,"created_at":"2026-07-27 03:36:24.296595"},{"id":"ms2odfki8827m4zf6","seminar_id":"ms2oddqy3ojqtsfsy","name":"dr. Desatya Rossa Amygha, MM","topic":"Komunikasi Efektif","display_order":2,"is_deleted":false,"created_at":"2026-07-27 03:36:25.472616"},{"id":"ms2odggyazt2wrqur","seminar_id":"ms2oddqy3ojqtsfsy","name":"dr. Desatya Rossa Amygha, MM","topic":"Keamanan Obat yang Perlu Diwaspadai","display_order":3,"is_deleted":false,"created_at":"2026-07-27 03:36:26.641725"},{"id":"ms2odhd3qpfzulfhb","seminar_id":"ms2oddqy3ojqtsfsy","name":"dr. Desatya Rossa Amygha, MM","topic":"Tepat Lokasi, Tepat Prosedur, Tepat Pasien Operasi","display_order":4,"is_deleted":false,"created_at":"2026-07-27 03:36:27.793096"},{"id":"ms2odiaqrvka9x9q6","seminar_id":"ms2oddqy3ojqtsfsy","name":"dr. Desatya Rossa Amygha, MM","topic":"Pencegahan dan Pengendalian Infeksi","display_order":5,"is_deleted":false,"created_at":"2026-07-27 03:36:29.008441"},{"id":"ms8ec3pounag3bm52","seminar_id":"ms2oddqy3ojqtsfsy","name":"dr. Desatya Rossa Amygha, MM","topic":"Pencegahan Risiko Pasien Jatuh","display_order":6,"is_deleted":false,"created_at":"2026-07-31 03:42:04.342932"}]
[SPEAKERS_GET] Raw query result: [{"id":"ms2lo3pvvpevearqa","seminar_id":"ms2lo0wjpr9iv7mjr","name":"Wati Wusana, S.Kep.Ns, MM","topic":"Pengertian Hygienitas Makanan","display_order":1,"is_deleted":false,"created_at":"2026-07-27 02:20:44.482144"},{"id":"ms2lo4mrmrbel5vw8","seminar_id":"ms2lo0wjpr9iv7mjr","name":"Wati Wusana, S.Kep.Ns, MM","topic":"Pelayanan Makanan dalam Fokus Program PPI","display_order":2,"is_deleted":false,"created_at":"2026-07-27 02:20:45.666039"},{"id":"ms2lo5jfuczzsc243","seminar_id":"ms2lo0wjpr9iv7mjr","name":"Wati Wusana, S.Kep.Ns, MM","topic":"Pelayanan Gizi - Identifikasi Risiko Infeksi","display_order":3,"is_deleted":false,"created_at":"2026-07-27 02:20:46.842037"},{"id":"ms2lo6qefo2zk0i1g","seminar_id":"ms2lo0wjpr9iv7mjr","name":"Wati Wusana, S.Kep.Ns, MM","topic":"Proses Pengolahan Makanan di RS","display_order":4,"is_deleted":false,"created_at":"2026-07-27 02:20:48.388864"}]
[SPEAKERS_GET] Data ditemukan: 3 record(s)
[SPEAKERS_GET] Data ditemukan: 6 record(s)
[SPEAKERS_GET] Data ditemukan: 4 record(s)
[SPEAKERS_GET] Data ditemukan: 10 record(s)
[SPEAKERS_GET] Raw query result: [{"id":"ms5orq6sjj107zu3f","seminar_id":"ms5orpa34hgapetos","name":"dr. Desatya Rossa Amygha, MM","topic":"Konsep Peningkatan Mutu dengan PDSA","display_order":1,"is_deleted":false,"created_at":"2026-07-29 06:10:50.946236"},{"id":"ms5orr3ri7z5ztc8b","seminar_id":"ms5orpa34hgapetos","name":"dr. Desatya Rossa Amygha, MM","topic":"Pemilihan, Penetapan Indikator Mutu","display_order":2,"is_deleted":false,"created_at":"2026-07-29 06:10:52.140225"},{"id":"ms5ors3lrho8sof4c","seminar_id":"ms5orpa34hgapetos","name":"dr. Desatya Rossa Amygha, MM","topic":"Penyusunan Profil Mutu","display_order":3,"is_deleted":false,"created_at":"2026-07-29 06:10:53.421262"},{"id":"ms5orsyt81kqb5hj4","seminar_id":"ms5orpa34hgapetos","name":"dr. Desatya Rossa Amygha, MM","topic":"Perbaikan Mutu Prioritas","display_order":4,"is_deleted":false,"created_at":"2026-07-29 06:10:54.546991"}]
[SPEAKERS_GET] Data ditemukan: 4 record(s)
[SPEAKERS_GET] seminarId dari URL: ms5jzkwuqsq8x6g0g
[SPEAKERS_GET] Memulai query...
[SPEAKERS_GET] Raw query result: [{"id":"ms5jzlt5jn506n7yc","seminar_id":"ms5jzkwuqsq8x6g0g","name":"dr. Eva Delsi, Sp.Em, KDM, FICEP","topic":"Tujuan Bantuan Hidup Dasar","display_order":1,"is_deleted":false,"created_at":"2026-07-29 03:57:00.438616"},{"id":"ms5jzmq1gd9qyhv66","seminar_id":"ms5jzkwuqsq8x6g0g","name":"dr. Eva Delsi, Sp.Em, KDM, FICEP","topic":"Indikasi Bantuan Hidup Dasar","display_order":2,"is_deleted":false,"created_at":"2026-07-29 03:57:01.63229"},{"id":"ms5jznnevpz0f44nk","seminar_id":"ms5jzkwuqsq8x6g0g","name":"dr. Eva Delsi, Sp.Em, KDM, FICEP","topic":"Langkah-langkah Resusitasi Jantung dan Paru","display_order":3,"is_deleted":false,"created_at":"2026-07-29 03:57:02.830453"},{"id":"ms5jzok8xljn3q14j","seminar_id":"ms5jzkwuqsq8x6g0g","name":"Wati Wusana, S.Kep.Ns, M.M","topic":"Kewaspadaan Standar","display_order":4,"is_deleted":false,"created_at":"2026-07-29 03:57:04.006821"},{"id":"ms5jzpgmprveog115","seminar_id":"ms5jzkwuqsq8x6g0g","name":"Wati Wusana, S.Kep.Ns, M.M","topic":"Kewaspadaan Transmisi","display_order":5,"is_deleted":false,"created_at":"2026-07-29 03:57:05.172598"},{"id":"ms5jzqcs50w2jyoi3","seminar_id":"ms5jzkwuqsq8x6g0g","name":"dr. Muhammad Ilham Agung Nugroho","topic":"Penggunaan Alat Pemadam Api Ringan","display_order":6,"is_deleted":false,"created_at":"2026-07-29 03:57:06.338069"},{"id":"ms5jzr9uw8d4p9262","seminar_id":"ms5jzkwuqsq8x6g0g","name":"dr. Muhammad Ilham Agung Nugroho","topic":"Jalur Evakuasi dan Titik Kumpul","display_order":7,"is_deleted":false,"created_at":"2026-07-29 03:57:07.521489"},{"id":"ms5jzs6fkxc86dk1m","seminar_id":"ms5jzkwuqsq8x6g0g","name":"dr. Muhammad Ilham Agung Nugroho","topic":"Sistem Kode Darurat","display_order":8,"is_deleted":false,"created_at":"2026-07-29 03:57:08.699746"},{"id":"ms5jzt95d5dgp3g7p","seminar_id":"ms5jzkwuqsq8x6g0g","name":"dr. Muhammad Ilham Agung Nugroho","topic":"Teknik Evakuasi","display_order":9,"is_deleted":false,"created_at":"2026-07-29 03:57:10.09534"}]
[SPEAKERS_GET] Data ditemukan: 9 record(s)
[SPEAKERS_GET] seminarId dari URL: mscli4djefq3dtbz9
[SPEAKERS_GET] Memulai query...
[SPEAKERS_GET] seminarId dari URL: ms5q3un6vd6k0r83c
[SPEAKERS_GET] Memulai query...
[SPEAKERS_GET] Raw query result: [{"id":"mscp2taoomhekwxy7","seminar_id":"mscli4djefq3dtbz9","name":"dr. Muhammad Ilham Agung Nugroho","topic":"Dasar-Dasar K3, Penanganan Asuhan Aman, Penanggulangan Kekerasan","display_order":1,"is_deleted":false,"created_at":"2026-08-03 03:53:51.313151"},{"id":"mscp2tc97lr7i8z5n","seminar_id":"mscli4djefq3dtbz9","name":"Wahyu Ekanto  S.Si","topic":"Keselamatan dan Keamanan Fasilitas & Lingkungan","display_order":2,"is_deleted":false,"created_at":"2026-08-03 03:53:51.370403"},{"id":"mscp38nunpuuh7z3z","seminar_id":"mscli4djefq3dtbz9","name":"dr. Muhammad Ilham Agung Nugroho","topic":"Pengamanan Kebakaran","display_order":6,"is_deleted":false,"created_at":"2026-08-03 03:54:11.227312"},{"id":"mscp38osudlm1m1or","seminar_id":"mscli4djefq3dtbz9","name":"Ari Parwanto","topic":"Pengelolaan Sistem Utilitas","display_order":7,"is_deleted":false,"created_at":"2026-08-03 03:54:11.261374"},{"id":"mscp38psj3ppuf303","seminar_id":"mscli4djefq3dtbz9","name":"Wibowo Aryo Tejo, S.T., MM","topic":"Pengelolaan Alat Kesehatan","display_order":8,"is_deleted":false,"created_at":"2026-08-03 03:54:11.297089"},{"id":"mscp38qspk0bl3vcf","seminar_id":"mscli4djefq3dtbz9","name":"Fakhri Dzulfiqar, S.Tr.Kes","topic":"Pengelolaan B3 dan Limbah B3","display_order":9,"is_deleted":false,"created_at":"2026-08-03 03:54:11.332931"},{"id":"mscp38s07wbt7v6db","seminar_id":"mscli4djefq3dtbz9","name":"dr. Eva Delsi, Sp.Em,KDM,FICEP","topic":"Kesiapsiagaan dalam Kondisi Darurat dan Bencana","display_order":10,"is_deleted":false,"created_at":"2026-08-03 03:54:11.376506"}]
[SPEAKERS_GET] seminarId dari URL: ms5pxu8x5isrztnek
[SPEAKERS_GET] Memulai query...
[SPEAKERS_GET] Raw query result: [{"id":"msfob256vd9w7pc1n","seminar_id":"ms5q3un6vd6k0r83c","name":"dr. Rika Erlinawati Sakinah, Sp.OG.","topic":"Optimalisasi Pelayanan Keluarga Berencana Pasca Persalinan dan Pasca Keguguran","display_order":1,"is_deleted":false,"created_at":"2026-08-05 05:55:34.940249"},{"id":"msfob8rw84tvnyaxc","seminar_id":"ms5q3un6vd6k0r83c","name":"dr. Rika Erlinawati Sakinah, Sp.OG.","topic":"Penanganan Perdarahan Post Partum Baik Partus Spontan Maupun Post Section Caesarea ","display_order":3,"is_deleted":false,"created_at":"2026-08-05 05:55:43.534324"},{"id":"msfobre61r1adwjjp","seminar_id":"ms5q3un6vd6k0r83c","name":"dr. Crodia Hernandes, Sp.An-TI.,FIP","topic":"Resusitasi Perdarahan Pascapersalinan (PPH)","display_order":9,"is_deleted":false,"created_at":"2026-08-05 05:56:07.665211"}]
[SPEAKERS_GET] seminarId dari URL: ms2q5yqrr4k576eke
[SPEAKERS_GET] Memulai query...
[SPEAKERS_GET] seminarId dari URL: ms2oddqy3ojqtsfsy
[SPEAKERS_GET] Memulai query...
[SPEAKERS_GET] seminarId dari URL: ms2nttf9cykkopxko
[SPEAKERS_GET] Memulai query...
[SPEAKERS_GET] Raw query result: [{"id":"ms8gln7kn8u2o2baa","seminar_id":"ms5pxu8x5isrztnek","name":"dr. Desatya Rossa Amygha, MM","topic":"Hak Memperoleh Pelayanan","display_order":1,"is_deleted":false,"created_at":"2026-07-31 04:45:28.758484"},{"id":"ms8glo4n9m460nlaf","seminar_id":"ms5pxu8x5isrztnek","name":"dr. Desatya Rossa Amygha, MM","topic":"Hak atas Informasi dan Komunikasi","display_order":2,"is_deleted":false,"created_at":"2026-07-31 04:45:29.948477"},{"id":"ms8glp0wd4p53qguw","seminar_id":"ms5pxu8x5isrztnek","name":"dr. Desatya Rossa Amygha, MM","topic":"Hak Menentukan Pilihan Sendiri","display_order":3,"is_deleted":false,"created_at":"2026-07-31 04:45:31.099096"},{"id":"ms8glpwp0gx0qyp0r","seminar_id":"ms5pxu8x5isrztnek","name":"dr. Desatya Rossa Amygha, MM","topic":"Hak atas Privasi dan Kerahasiaan","display_order":4,"is_deleted":false,"created_at":"2026-07-31 04:45:32.244243"},{"id":"ms8glqvxi5o58hwyg","seminar_id":"ms5pxu8x5isrztnek","name":"dr. Desatya Rossa Amygha, MM","topic":"Hak atas Perlindungan dan Keselamatan","display_order":5,"is_deleted":false,"created_at":"2026-07-31 04:45:33.509784"},{"id":"ms8glrsgcb9rjlhyv","seminar_id":"ms5pxu8x5isrztnek","name":"dr. Desatya Rossa Amygha, MM","topic":"Hak Dihormati sebagai Individu","display_order":6,"is_deleted":false,"created_at":"2026-07-31 04:45:34.694621"},{"id":"ms8glsp1go62sro2s","seminar_id":"ms5pxu8x5isrztnek","name":"dr. Desatya Rossa Amygha, MM","topic":"Hak atas Penyampaian Aspirasi, Keluhan, dan Penyelesaian","display_order":7,"is_deleted":false,"created_at":"2026-07-31 04:45:35.860333"}]
[SPEAKERS_GET] Data ditemukan: 7 record(s)
[SPEAKERS_GET] Raw query result: [{"id":"ms2odenu8oywsj8gm","seminar_id":"ms2oddqy3ojqtsfsy","name":"dr. Desatya Rossa Amygha, MM","topic":"Ketepatan Identifikasi Pasien","display_order":1,"is_deleted":false,"created_at":"2026-07-27 03:36:24.296595"},{"id":"ms2odfki8827m4zf6","seminar_id":"ms2oddqy3ojqtsfsy","name":"dr. Desatya Rossa Amygha, MM","topic":"Komunikasi Efektif","display_order":2,"is_deleted":false,"created_at":"2026-07-27 03:36:25.472616"},{"id":"ms2odggyazt2wrqur","seminar_id":"ms2oddqy3ojqtsfsy","name":"dr. Desatya Rossa Amygha, MM","topic":"Keamanan Obat yang Perlu Diwaspadai","display_order":3,"is_deleted":false,"created_at":"2026-07-27 03:36:26.641725"},{"id":"ms2odhd3qpfzulfhb","seminar_id":"ms2oddqy3ojqtsfsy","name":"dr. Desatya Rossa Amygha, MM","topic":"Tepat Lokasi, Tepat Prosedur, Tepat Pasien Operasi","display_order":4,"is_deleted":false,"created_at":"2026-07-27 03:36:27.793096"},{"id":"ms2odiaqrvka9x9q6","seminar_id":"ms2oddqy3ojqtsfsy","name":"dr. Desatya Rossa Amygha, MM","topic":"Pencegahan dan Pengendalian Infeksi","display_order":5,"is_deleted":false,"created_at":"2026-07-27 03:36:29.008441"},{"id":"ms8ec3pounag3bm52","seminar_id":"ms2oddqy3ojqtsfsy","name":"dr. Desatya Rossa Amygha, MM","topic":"Pencegahan Risiko Pasien Jatuh","display_order":6,"is_deleted":false,"created_at":"2026-07-31 03:42:04.342932"}]
[SPEAKERS_GET] Raw query result: [{"id":"ms2qwgvtc1odv3bgh","seminar_id":"ms2q5yqrr4k576eke","name":"Wati Wusana, S.Kep.Ners, MM","topic":"Dekontaminasi Alat","display_order":1,"is_deleted":false,"created_at":"2026-07-27 04:47:12.868353"},{"id":"ms2qwkn4lxzep8i5x","seminar_id":"ms2q5yqrr4k576eke","name":"Wati Wusana, S.Kep.Ners, MM","topic":"Pengelolaan Limbah","display_order":2,"is_deleted":false,"created_at":"2026-07-27 04:47:22.066253"},{"id":"ms2qwovwf1k9vif7p","seminar_id":"ms2q5yqrr4k576eke","name":"Wati Wusana, S.Kep.Ners, MM","topic":"Pengendalian Lingkungan","display_order":3,"is_deleted":false,"created_at":"2026-07-27 04:47:23.238489"},{"id":"ms2qwpqrb8awgvndd","seminar_id":"ms2q5yqrr4k576eke","name":"Wati Wusana, S.Kep.Ners, MM","topic":"Pengelolaan Linen","display_order":4,"is_deleted":false,"created_at":"2026-07-27 04:47:24.352531"},{"id":"ms2qwqmhrpx52ayz0","seminar_id":"ms2q5yqrr4k576eke","name":"Singgih Setyo Aji, S.Kep.Ners.","topic":"Kesehatan Petugas","display_order":5,"is_deleted":false,"created_at":"2026-07-27 04:47:25.61395"},{"id":"ms2qwrlfr79kx1vr6","seminar_id":"ms2q5yqrr4k576eke","name":"Singgih Setyo Aji, S.Kep.Ners.","topic":"Penempatan Pasien","display_order":6,"is_deleted":false,"created_at":"2026-07-27 04:47:26.820768"},{"id":"ms2qwskhi9wyms0rj","seminar_id":"ms2q5yqrr4k576eke","name":"Singgih Setyo Aji, S.Kep.Ners.","topic":"Teknik Penyuntikan yang Aman","display_order":7,"is_deleted":false,"created_at":"2026-07-27 04:47:28.316557"},{"id":"ms2qwtubtffrxande","seminar_id":"ms2q5yqrr4k576eke","name":"Singgih Setyo Aji, S.Kep.Ners.","topic":"Etika Batuk yang Benar","display_order":8,"is_deleted":false,"created_at":"2026-07-27 04:47:29.672537"},{"id":"ms2qwuqm09rnqpvvo","seminar_id":"ms2q5yqrr4k576eke","name":"Singgih Setyo Aji, S.Kep.Ners.","topic":"Lumbal Pungsi","display_order":9,"is_deleted":false,"created_at":"2026-07-27 04:47:30.915145"},{"id":"ms2w578k3z037v78v","seminar_id":"ms2q5yqrr4k576eke","name":"dr. Jhon Kenedi, Sp.N","topic":"Kewaspadaan Berdasar Transmisi","display_order":10,"is_deleted":false,"created_at":"2026-07-27 07:13:58.351961"}]
[SPEAKERS_GET] Raw query result: [{"id":"ms2ntuavl3rhypemu","seminar_id":"ms2nttf9cykkopxko","name":"Wati Wusana, S.Kep.Ns, MM","topic":"Prinsip-Prinsip PPI dalam Phlebotomy","display_order":1,"is_deleted":false,"created_at":"2026-07-27 03:21:11.442271"},{"id":"ms2ntv6y52xtexzyh","seminar_id":"ms2nttf9cykkopxko","name":"Umi Aminatul Kirom, S.Si.T, M.Kes","topic":"Sinergi dalam Phlebotomy: Meningkatkan Keselamatan Pasien dan Kualitas Spesimen","display_order":2,"is_deleted":false,"created_at":"2026-07-27 03:21:12.601342"},{"id":"ms8ea0l86autxwdj5","seminar_id":"ms2nttf9cykkopxko","name":"dr. Hegaria Rahmawati, M.Kes.,Sp.PK(K).","topic":"Phlebotomy: Faktor Penyulit, Komplikasi dan Penanganan","display_order":3,"is_deleted":false,"created_at":"2026-07-31 03:40:26.98639"}]
[SPEAKERS_GET] Data ditemukan: 3 record(s)
[SPEAKERS_GET] seminarId dari URL: ms2lo0wjpr9iv7mjr
[SPEAKERS_GET] Memulai query...
[SPEAKERS_GET] Data ditemukan: 7 record(s)
[SPEAKERS_GET] Data ditemukan: 6 record(s)
[SPEAKERS_GET] seminarId dari URL: ms5orpa34hgapetos
[SPEAKERS_GET] Memulai query...
[SPEAKERS_GET] Data ditemukan: 10 record(s)
[SPEAKERS_GET] Raw query result: [{"id":"ms2lo3pvvpevearqa","seminar_id":"ms2lo0wjpr9iv7mjr","name":"Wati Wusana, S.Kep.Ns, MM","topic":"Pengertian Hygienitas Makanan","display_order":1,"is_deleted":false,"created_at":"2026-07-27 02:20:44.482144"},{"id":"ms2lo4mrmrbel5vw8","seminar_id":"ms2lo0wjpr9iv7mjr","name":"Wati Wusana, S.Kep.Ns, MM","topic":"Pelayanan Makanan dalam Fokus Program PPI","display_order":2,"is_deleted":false,"created_at":"2026-07-27 02:20:45.666039"},{"id":"ms2lo5jfuczzsc243","seminar_id":"ms2lo0wjpr9iv7mjr","name":"Wati Wusana, S.Kep.Ns, MM","topic":"Pelayanan Gizi - Identifikasi Risiko Infeksi","display_order":3,"is_deleted":false,"created_at":"2026-07-27 02:20:46.842037"},{"id":"ms2lo6qefo2zk0i1g","seminar_id":"ms2lo0wjpr9iv7mjr","name":"Wati Wusana, S.Kep.Ns, MM","topic":"Proses Pengolahan Makanan di RS","display_order":4,"is_deleted":false,"created_at":"2026-07-27 02:20:48.388864"}]
[SPEAKERS_GET] Data ditemukan: 3 record(s)
[SPEAKERS_GET] seminarId dari URL: ms5jzkwuqsq8x6g0g
[SPEAKERS_GET] Memulai query...
[SPEAKERS_GET] Raw query result: [{"id":"ms5orq6sjj107zu3f","seminar_id":"ms5orpa34hgapetos","name":"dr. Desatya Rossa Amygha, MM","topic":"Konsep Peningkatan Mutu dengan PDSA","display_order":1,"is_deleted":false,"created_at":"2026-07-29 06:10:50.946236"},{"id":"ms5orr3ri7z5ztc8b","seminar_id":"ms5orpa34hgapetos","name":"dr. Desatya Rossa Amygha, MM","topic":"Pemilihan, Penetapan Indikator Mutu","display_order":2,"is_deleted":false,"created_at":"2026-07-29 06:10:52.140225"},{"id":"ms5ors3lrho8sof4c","seminar_id":"ms5orpa34hgapetos","name":"dr. Desatya Rossa Amygha, MM","topic":"Penyusunan Profil Mutu","display_order":3,"is_deleted":false,"created_at":"2026-07-29 06:10:53.421262"},{"id":"ms5orsyt81kqb5hj4","seminar_id":"ms5orpa34hgapetos","name":"dr. Desatya Rossa Amygha, MM","topic":"Perbaikan Mutu Prioritas","display_order":4,"is_deleted":false,"created_at":"2026-07-29 06:10:54.546991"}]
[SPEAKERS_GET] Raw query result: [{"id":"ms5jzlt5jn506n7yc","seminar_id":"ms5jzkwuqsq8x6g0g","name":"dr. Eva Delsi, Sp.Em, KDM, FICEP","topic":"Tujuan Bantuan Hidup Dasar","display_order":1,"is_deleted":false,"created_at":"2026-07-29 03:57:00.438616"},{"id":"ms5jzmq1gd9qyhv66","seminar_id":"ms5jzkwuqsq8x6g0g","name":"dr. Eva Delsi, Sp.Em, KDM, FICEP","topic":"Indikasi Bantuan Hidup Dasar","display_order":2,"is_deleted":false,"created_at":"2026-07-29 03:57:01.63229"},{"id":"ms5jznnevpz0f44nk","seminar_id":"ms5jzkwuqsq8x6g0g","name":"dr. Eva Delsi, Sp.Em, KDM, FICEP","topic":"Langkah-langkah Resusitasi Jantung dan Paru","display_order":3,"is_deleted":false,"created_at":"2026-07-29 03:57:02.830453"},{"id":"ms5jzok8xljn3q14j","seminar_id":"ms5jzkwuqsq8x6g0g","name":"Wati Wusana, S.Kep.Ns, M.M","topic":"Kewaspadaan Standar","display_order":4,"is_deleted":false,"created_at":"2026-07-29 03:57:04.006821"},{"id":"ms5jzpgmprveog115","seminar_id":"ms5jzkwuqsq8x6g0g","name":"Wati Wusana, S.Kep.Ns, M.M","topic":"Kewaspadaan Transmisi","display_order":5,"is_deleted":false,"created_at":"2026-07-29 03:57:05.172598"},{"id":"ms5jzqcs50w2jyoi3","seminar_id":"ms5jzkwuqsq8x6g0g","name":"dr. Muhammad Ilham Agung Nugroho","topic":"Penggunaan Alat Pemadam Api Ringan","display_order":6,"is_deleted":false,"created_at":"2026-07-29 03:57:06.338069"},{"id":"ms5jzr9uw8d4p9262","seminar_id":"ms5jzkwuqsq8x6g0g","name":"dr. Muhammad Ilham Agung Nugroho","topic":"Jalur Evakuasi dan Titik Kumpul","display_order":7,"is_deleted":false,"created_at":"2026-07-29 03:57:07.521489"},{"id":"ms5jzs6fkxc86dk1m","seminar_id":"ms5jzkwuqsq8x6g0g","name":"dr. Muhammad Ilham Agung Nugroho","topic":"Sistem Kode Darurat","display_order":8,"is_deleted":false,"created_at":"2026-07-29 03:57:08.699746"},{"id":"ms5jzt95d5dgp3g7p","seminar_id":"ms5jzkwuqsq8x6g0g","name":"dr. Muhammad Ilham Agung Nugroho","topic":"Teknik Evakuasi","display_order":9,"is_deleted":false,"created_at":"2026-07-29 03:57:10.09534"}]
[SPEAKERS_GET] Data ditemukan: 4 record(s)
[SPEAKERS_GET] Data ditemukan: 4 record(s)
[SPEAKERS_GET] Data ditemukan: 9 record(s)
[SPEAKERS_GET] seminarId dari URL: mscli4djefq3dtbz9
[SPEAKERS_GET] Memulai query...
[SPEAKERS_GET] seminarId dari URL: ms5q3un6vd6k0r83c
[SPEAKERS_GET] Memulai query...
[SPEAKERS_GET] seminarId dari URL: ms5pxu8x5isrztnek
[SPEAKERS_GET] Memulai query...
[SPEAKERS_GET] seminarId dari URL: ms2q5yqrr4k576eke
[SPEAKERS_GET] Memulai query...
[SPEAKERS_GET] seminarId dari URL: ms2oddqy3ojqtsfsy
[SPEAKERS_GET] Memulai query...
[SPEAKERS_GET] seminarId dari URL: ms2nttf9cykkopxko
[SPEAKERS_GET] Memulai query...
[SPEAKERS_GET] Raw query result: [{"id":"mscp2taoomhekwxy7","seminar_id":"mscli4djefq3dtbz9","name":"dr. Muhammad Ilham Agung Nugroho","topic":"Dasar-Dasar K3, Penanganan Asuhan Aman, Penanggulangan Kekerasan","display_order":1,"is_deleted":false,"created_at":"2026-08-03 03:53:51.313151"},{"id":"mscp2tc97lr7i8z5n","seminar_id":"mscli4djefq3dtbz9","name":"Wahyu Ekanto  S.Si","topic":"Keselamatan dan Keamanan Fasilitas & Lingkungan","display_order":2,"is_deleted":false,"created_at":"2026-08-03 03:53:51.370403"},{"id":"mscp38nunpuuh7z3z","seminar_id":"mscli4djefq3dtbz9","name":"dr. Muhammad Ilham Agung Nugroho","topic":"Pengamanan Kebakaran","display_order":6,"is_deleted":false,"created_at":"2026-08-03 03:54:11.227312"},{"id":"mscp38osudlm1m1or","seminar_id":"mscli4djefq3dtbz9","name":"Ari Parwanto","topic":"Pengelolaan Sistem Utilitas","display_order":7,"is_deleted":false,"created_at":"2026-08-03 03:54:11.261374"},{"id":"mscp38psj3ppuf303","seminar_id":"mscli4djefq3dtbz9","name":"Wibowo Aryo Tejo, S.T., MM","topic":"Pengelolaan Alat Kesehatan","display_order":8,"is_deleted":false,"created_at":"2026-08-03 03:54:11.297089"},{"id":"mscp38qspk0bl3vcf","seminar_id":"mscli4djefq3dtbz9","name":"Fakhri Dzulfiqar, S.Tr.Kes","topic":"Pengelolaan B3 dan Limbah B3","display_order":9,"is_deleted":false,"created_at":"2026-08-03 03:54:11.332931"},{"id":"mscp38s07wbt7v6db","seminar_id":"mscli4djefq3dtbz9","name":"dr. Eva Delsi, Sp.Em,KDM,FICEP","topic":"Kesiapsiagaan dalam Kondisi Darurat dan Bencana","display_order":10,"is_deleted":false,"created_at":"2026-08-03 03:54:11.376506"}]
[SPEAKERS_GET] Raw query result: [{"id":"msfob256vd9w7pc1n","seminar_id":"ms5q3un6vd6k0r83c","name":"dr. Rika Erlinawati Sakinah, Sp.OG.","topic":"Optimalisasi Pelayanan Keluarga Berencana Pasca Persalinan dan Pasca Keguguran","display_order":1,"is_deleted":false,"created_at":"2026-08-05 05:55:34.940249"},{"id":"msfob8rw84tvnyaxc","seminar_id":"ms5q3un6vd6k0r83c","name":"dr. Rika Erlinawati Sakinah, Sp.OG.","topic":"Penanganan Perdarahan Post Partum Baik Partus Spontan Maupun Post Section Caesarea ","display_order":3,"is_deleted":false,"created_at":"2026-08-05 05:55:43.534324"},{"id":"msfobre61r1adwjjp","seminar_id":"ms5q3un6vd6k0r83c","name":"dr. Crodia Hernandes, Sp.An-TI.,FIP","topic":"Resusitasi Perdarahan Pascapersalinan (PPH)","display_order":9,"is_deleted":false,"created_at":"2026-08-05 05:56:07.665211"}]
[SPEAKERS_GET] Raw query result: [{"id":"ms8gln7kn8u2o2baa","seminar_id":"ms5pxu8x5isrztnek","name":"dr. Desatya Rossa Amygha, MM","topic":"Hak Memperoleh Pelayanan","display_order":1,"is_deleted":false,"created_at":"2026-07-31 04:45:28.758484"},{"id":"ms8glo4n9m460nlaf","seminar_id":"ms5pxu8x5isrztnek","name":"dr. Desatya Rossa Amygha, MM","topic":"Hak atas Informasi dan Komunikasi","display_order":2,"is_deleted":false,"created_at":"2026-07-31 04:45:29.948477"},{"id":"ms8glp0wd4p53qguw","seminar_id":"ms5pxu8x5isrztnek","name":"dr. Desatya Rossa Amygha, MM","topic":"Hak Menentukan Pilihan Sendiri","display_order":3,"is_deleted":false,"created_at":"2026-07-31 04:45:31.099096"},{"id":"ms8glpwp0gx0qyp0r","seminar_id":"ms5pxu8x5isrztnek","name":"dr. Desatya Rossa Amygha, MM","topic":"Hak atas Privasi dan Kerahasiaan","display_order":4,"is_deleted":false,"created_at":"2026-07-31 04:45:32.244243"},{"id":"ms8glqvxi5o58hwyg","seminar_id":"ms5pxu8x5isrztnek","name":"dr. Desatya Rossa Amygha, MM","topic":"Hak atas Perlindungan dan Keselamatan","display_order":5,"is_deleted":false,"created_at":"2026-07-31 04:45:33.509784"},{"id":"ms8glrsgcb9rjlhyv","seminar_id":"ms5pxu8x5isrztnek","name":"dr. Desatya Rossa Amygha, MM","topic":"Hak Dihormati sebagai Individu","display_order":6,"is_deleted":false,"created_at":"2026-07-31 04:45:34.694621"},{"id":"ms8glsp1go62sro2s","seminar_id":"ms5pxu8x5isrztnek","name":"dr. Desatya Rossa Amygha, MM","topic":"Hak atas Penyampaian Aspirasi, Keluhan, dan Penyelesaian","display_order":7,"is_deleted":false,"created_at":"2026-07-31 04:45:35.860333"}]
[SPEAKERS_GET] Raw query result: [{"id":"ms2odenu8oywsj8gm","seminar_id":"ms2oddqy3ojqtsfsy","name":"dr. Desatya Rossa Amygha, MM","topic":"Ketepatan Identifikasi Pasien","display_order":1,"is_deleted":false,"created_at":"2026-07-27 03:36:24.296595"},{"id":"ms2odfki8827m4zf6","seminar_id":"ms2oddqy3ojqtsfsy","name":"dr. Desatya Rossa Amygha, MM","topic":"Komunikasi Efektif","display_order":2,"is_deleted":false,"created_at":"2026-07-27 03:36:25.472616"},{"id":"ms2odggyazt2wrqur","seminar_id":"ms2oddqy3ojqtsfsy","name":"dr. Desatya Rossa Amygha, MM","topic":"Keamanan Obat yang Perlu Diwaspadai","display_order":3,"is_deleted":false,"created_at":"2026-07-27 03:36:26.641725"},{"id":"ms2odhd3qpfzulfhb","seminar_id":"ms2oddqy3ojqtsfsy","name":"dr. Desatya Rossa Amygha, MM","topic":"Tepat Lokasi, Tepat Prosedur, Tepat Pasien Operasi","display_order":4,"is_deleted":false,"created_at":"2026-07-27 03:36:27.793096"},{"id":"ms2odiaqrvka9x9q6","seminar_id":"ms2oddqy3ojqtsfsy","name":"dr. Desatya Rossa Amygha, MM","topic":"Pencegahan dan Pengendalian Infeksi","display_order":5,"is_deleted":false,"created_at":"2026-07-27 03:36:29.008441"},{"id":"ms8ec3pounag3bm52","seminar_id":"ms2oddqy3ojqtsfsy","name":"dr. Desatya Rossa Amygha, MM","topic":"Pencegahan Risiko Pasien Jatuh","display_order":6,"is_deleted":false,"created_at":"2026-07-31 03:42:04.342932"}]
[SPEAKERS_GET] Raw query result: [{"id":"ms2ntuavl3rhypemu","seminar_id":"ms2nttf9cykkopxko","name":"Wati Wusana, S.Kep.Ns, MM","topic":"Prinsip-Prinsip PPI dalam Phlebotomy","display_order":1,"is_deleted":false,"created_at":"2026-07-27 03:21:11.442271"},{"id":"ms2ntv6y52xtexzyh","seminar_id":"ms2nttf9cykkopxko","name":"Umi Aminatul Kirom, S.Si.T, M.Kes","topic":"Sinergi dalam Phlebotomy: Meningkatkan Keselamatan Pasien dan Kualitas Spesimen","display_order":2,"is_deleted":false,"created_at":"2026-07-27 03:21:12.601342"},{"id":"ms8ea0l86autxwdj5","seminar_id":"ms2nttf9cykkopxko","name":"dr. Hegaria Rahmawati, M.Kes.,Sp.PK(K).","topic":"Phlebotomy: Faktor Penyulit, Komplikasi dan Penanganan","display_order":3,"is_deleted":false,"created_at":"2026-07-31 03:40:26.98639"}]
[SPEAKERS_GET] Raw query result: [{"id":"ms2qwgvtc1odv3bgh","seminar_id":"ms2q5yqrr4k576eke","name":"Wati Wusana, S.Kep.Ners, MM","topic":"Dekontaminasi Alat","display_order":1,"is_deleted":false,"created_at":"2026-07-27 04:47:12.868353"},{"id":"ms2qwkn4lxzep8i5x","seminar_id":"ms2q5yqrr4k576eke","name":"Wati Wusana, S.Kep.Ners, MM","topic":"Pengelolaan Limbah","display_order":2,"is_deleted":false,"created_at":"2026-07-27 04:47:22.066253"},{"id":"ms2qwovwf1k9vif7p","seminar_id":"ms2q5yqrr4k576eke","name":"Wati Wusana, S.Kep.Ners, MM","topic":"Pengendalian Lingkungan","display_order":3,"is_deleted":false,"created_at":"2026-07-27 04:47:23.238489"},{"id":"ms2qwpqrb8awgvndd","seminar_id":"ms2q5yqrr4k576eke","name":"Wati Wusana, S.Kep.Ners, MM","topic":"Pengelolaan Linen","display_order":4,"is_deleted":false,"created_at":"2026-07-27 04:47:24.352531"},{"id":"ms2qwqmhrpx52ayz0","seminar_id":"ms2q5yqrr4k576eke","name":"Singgih Setyo Aji, S.Kep.Ners.","topic":"Kesehatan Petugas","display_order":5,"is_deleted":false,"created_at":"2026-07-27 04:47:25.61395"},{"id":"ms2qwrlfr79kx1vr6","seminar_id":"ms2q5yqrr4k576eke","name":"Singgih Setyo Aji, S.Kep.Ners.","topic":"Penempatan Pasien","display_order":6,"is_deleted":false,"created_at":"2026-07-27 04:47:26.820768"},{"id":"ms2qwskhi9wyms0rj","seminar_id":"ms2q5yqrr4k576eke","name":"Singgih Setyo Aji, S.Kep.Ners.","topic":"Teknik Penyuntikan yang Aman","display_order":7,"is_deleted":false,"created_at":"2026-07-27 04:47:28.316557"},{"id":"ms2qwtubtffrxande","seminar_id":"ms2q5yqrr4k576eke","name":"Singgih Setyo Aji, S.Kep.Ners.","topic":"Etika Batuk yang Benar","display_order":8,"is_deleted":false,"created_at":"2026-07-27 04:47:29.672537"},{"id":"ms2qwuqm09rnqpvvo","seminar_id":"ms2q5yqrr4k576eke","name":"Singgih Setyo Aji, S.Kep.Ners.","topic":"Lumbal Pungsi","display_order":9,"is_deleted":false,"created_at":"2026-07-27 04:47:30.915145"},{"id":"ms2w578k3z037v78v","seminar_id":"ms2q5yqrr4k576eke","name":"dr. Jhon Kenedi, Sp.N","topic":"Kewaspadaan Berdasar Transmisi","display_order":10,"is_deleted":false,"created_at":"2026-07-27 07:13:58.351961"}]
[SPEAKERS_GET] Data ditemukan: 3 record(s)
[SPEAKERS_GET] Data ditemukan: 6 record(s)
[SPEAKERS_GET] Data ditemukan: 3 record(s)
[SPEAKERS_GET] Data ditemukan: 7 record(s)
[SPEAKERS_GET] Data ditemukan: 10 record(s)
[SPEAKERS_GET] Data ditemukan: 7 record(s)
[SPEAKERS_GET] seminarId dari URL: ms2lo0wjpr9iv7mjr
[SPEAKERS_GET] Memulai query...
[SPEAKERS_GET] seminarId dari URL: ms5orpa34hgapetos
[SPEAKERS_GET] Memulai query...
[SPEAKERS_GET] seminarId dari URL: ms5jzkwuqsq8x6g0g
[SPEAKERS_GET] Memulai query...
[SPEAKERS_GET] Raw query result: [{"id":"ms2lo3pvvpevearqa","seminar_id":"ms2lo0wjpr9iv7mjr","name":"Wati Wusana, S.Kep.Ns, MM","topic":"Pengertian Hygienitas Makanan","display_order":1,"is_deleted":false,"created_at":"2026-07-27 02:20:44.482144"},{"id":"ms2lo4mrmrbel5vw8","seminar_id":"ms2lo0wjpr9iv7mjr","name":"Wati Wusana, S.Kep.Ns, MM","topic":"Pelayanan Makanan dalam Fokus Program PPI","display_order":2,"is_deleted":false,"created_at":"2026-07-27 02:20:45.666039"},{"id":"ms2lo5jfuczzsc243","seminar_id":"ms2lo0wjpr9iv7mjr","name":"Wati Wusana, S.Kep.Ns, MM","topic":"Pelayanan Gizi - Identifikasi Risiko Infeksi","display_order":3,"is_deleted":false,"created_at":"2026-07-27 02:20:46.842037"},{"id":"ms2lo6qefo2zk0i1g","seminar_id":"ms2lo0wjpr9iv7mjr","name":"Wati Wusana, S.Kep.Ns, MM","topic":"Proses Pengolahan Makanan di RS","display_order":4,"is_deleted":false,"created_at":"2026-07-27 02:20:48.388864"}]
[SPEAKERS_GET] Raw query result: [{"id":"ms5orq6sjj107zu3f","seminar_id":"ms5orpa34hgapetos","name":"dr. Desatya Rossa Amygha, MM","topic":"Konsep Peningkatan Mutu dengan PDSA","display_order":1,"is_deleted":false,"created_at":"2026-07-29 06:10:50.946236"},{"id":"ms5orr3ri7z5ztc8b","seminar_id":"ms5orpa34hgapetos","name":"dr. Desatya Rossa Amygha, MM","topic":"Pemilihan, Penetapan Indikator Mutu","display_order":2,"is_deleted":false,"created_at":"2026-07-29 06:10:52.140225"},{"id":"ms5ors3lrho8sof4c","seminar_id":"ms5orpa34hgapetos","name":"dr. Desatya Rossa Amygha, MM","topic":"Penyusunan Profil Mutu","display_order":3,"is_deleted":false,"created_at":"2026-07-29 06:10:53.421262"},{"id":"ms5orsyt81kqb5hj4","seminar_id":"ms5orpa34hgapetos","name":"dr. Desatya Rossa Amygha, MM","topic":"Perbaikan Mutu Prioritas","display_order":4,"is_deleted":false,"created_at":"2026-07-29 06:10:54.546991"}]
[SPEAKERS_GET] Raw query result: [{"id":"ms5jzlt5jn506n7yc","seminar_id":"ms5jzkwuqsq8x6g0g","name":"dr. Eva Delsi, Sp.Em, KDM, FICEP","topic":"Tujuan Bantuan Hidup Dasar","display_order":1,"is_deleted":false,"created_at":"2026-07-29 03:57:00.438616"},{"id":"ms5jzmq1gd9qyhv66","seminar_id":"ms5jzkwuqsq8x6g0g","name":"dr. Eva Delsi, Sp.Em, KDM, FICEP","topic":"Indikasi Bantuan Hidup Dasar","display_order":2,"is_deleted":false,"created_at":"2026-07-29 03:57:01.63229"},{"id":"ms5jznnevpz0f44nk","seminar_id":"ms5jzkwuqsq8x6g0g","name":"dr. Eva Delsi, Sp.Em, KDM, FICEP","topic":"Langkah-langkah Resusitasi Jantung dan Paru","display_order":3,"is_deleted":false,"created_at":"2026-07-29 03:57:02.830453"},{"id":"ms5jzok8xljn3q14j","seminar_id":"ms5jzkwuqsq8x6g0g","name":"Wati Wusana, S.Kep.Ns, M.M","topic":"Kewaspadaan Standar","display_order":4,"is_deleted":false,"created_at":"2026-07-29 03:57:04.006821"},{"id":"ms5jzpgmprveog115","seminar_id":"ms5jzkwuqsq8x6g0g","name":"Wati Wusana, S.Kep.Ns, M.M","topic":"Kewaspadaan Transmisi","display_order":5,"is_deleted":false,"created_at":"2026-07-29 03:57:05.172598"},{"id":"ms5jzqcs50w2jyoi3","seminar_id":"ms5jzkwuqsq8x6g0g","name":"dr. Muhammad Ilham Agung Nugroho","topic":"Penggunaan Alat Pemadam Api Ringan","display_order":6,"is_deleted":false,"created_at":"2026-07-29 03:57:06.338069"},{"id":"ms5jzr9uw8d4p9262","seminar_id":"ms5jzkwuqsq8x6g0g","name":"dr. Muhammad Ilham Agung Nugroho","topic":"Jalur Evakuasi dan Titik Kumpul","display_order":7,"is_deleted":false,"created_at":"2026-07-29 03:57:07.521489"},{"id":"ms5jzs6fkxc86dk1m","seminar_id":"ms5jzkwuqsq8x6g0g","name":"dr. Muhammad Ilham Agung Nugroho","topic":"Sistem Kode Darurat","display_order":8,"is_deleted":false,"created_at":"2026-07-29 03:57:08.699746"},{"id":"ms5jzt95d5dgp3g7p","seminar_id":"ms5jzkwuqsq8x6g0g","name":"dr. Muhammad Ilham Agung Nugroho","topic":"Teknik Evakuasi","display_order":9,"is_deleted":false,"created_at":"2026-07-29 03:57:10.09534"}]
[SPEAKERS_GET] Data ditemukan: 4 record(s)
[SPEAKERS_GET] Data ditemukan: 4 record(s)
[SPEAKERS_GET] Data ditemukan: 9 record(s)
[SPEAKERS_GET] seminarId dari URL: mscli4djefq3dtbz9
[SPEAKERS_GET] Memulai query...
[SPEAKERS_GET] Raw query result: [{"id":"mscp2taoomhekwxy7","seminar_id":"mscli4djefq3dtbz9","name":"dr. Muhammad Ilham Agung Nugroho","topic":"Dasar-Dasar K3, Penanganan Asuhan Aman, Penanggulangan Kekerasan","display_order":1,"is_deleted":false,"created_at":"2026-08-03 03:53:51.313151"},{"id":"mscp2tc97lr7i8z5n","seminar_id":"mscli4djefq3dtbz9","name":"Wahyu Ekanto  S.Si","topic":"Keselamatan dan Keamanan Fasilitas & Lingkungan","display_order":2,"is_deleted":false,"created_at":"2026-08-03 03:53:51.370403"},{"id":"mscp38nunpuuh7z3z","seminar_id":"mscli4djefq3dtbz9","name":"dr. Muhammad Ilham Agung Nugroho","topic":"Pengamanan Kebakaran","display_order":6,"is_deleted":false,"created_at":"2026-08-03 03:54:11.227312"},{"id":"mscp38osudlm1m1or","seminar_id":"mscli4djefq3dtbz9","name":"Ari Parwanto","topic":"Pengelolaan Sistem Utilitas","display_order":7,"is_deleted":false,"created_at":"2026-08-03 03:54:11.261374"},{"id":"mscp38psj3ppuf303","seminar_id":"mscli4djefq3dtbz9","name":"Wibowo Aryo Tejo, S.T., MM","topic":"Pengelolaan Alat Kesehatan","display_order":8,"is_deleted":false,"created_at":"2026-08-03 03:54:11.297089"},{"id":"mscp38qspk0bl3vcf","seminar_id":"mscli4djefq3dtbz9","name":"Fakhri Dzulfiqar, S.Tr.Kes","topic":"Pengelolaan B3 dan Limbah B3","display_order":9,"is_deleted":false,"created_at":"2026-08-03 03:54:11.332931"},{"id":"mscp38s07wbt7v6db","seminar_id":"mscli4djefq3dtbz9","name":"dr. Eva Delsi, Sp.Em,KDM,FICEP","topic":"Kesiapsiagaan dalam Kondisi Darurat dan Bencana","display_order":10,"is_deleted":false,"created_at":"2026-08-03 03:54:11.376506"}]
[SPEAKERS_GET] seminarId dari URL: ms5q3un6vd6k0r83c
[SPEAKERS_GET] Memulai query...
[SPEAKERS_GET] seminarId dari URL: ms5pxu8x5isrztnek
[SPEAKERS_GET] Memulai query...
[SPEAKERS_GET] seminarId dari URL: ms2q5yqrr4k576eke
[SPEAKERS_GET] Memulai query...
[SPEAKERS_GET] seminarId dari URL: ms2oddqy3ojqtsfsy
[SPEAKERS_GET] Memulai query...
[SPEAKERS_GET] seminarId dari URL: ms2nttf9cykkopxko
[SPEAKERS_GET] Memulai query...
[SPEAKERS_GET] Raw query result: [{"id":"msfob256vd9w7pc1n","seminar_id":"ms5q3un6vd6k0r83c","name":"dr. Rika Erlinawati Sakinah, Sp.OG.","topic":"Optimalisasi Pelayanan Keluarga Berencana Pasca Persalinan dan Pasca Keguguran","display_order":1,"is_deleted":false,"created_at":"2026-08-05 05:55:34.940249"},{"id":"msfob8rw84tvnyaxc","seminar_id":"ms5q3un6vd6k0r83c","name":"dr. Rika Erlinawati Sakinah, Sp.OG.","topic":"Penanganan Perdarahan Post Partum Baik Partus Spontan Maupun Post Section Caesarea ","display_order":3,"is_deleted":false,"created_at":"2026-08-05 05:55:43.534324"},{"id":"msfobre61r1adwjjp","seminar_id":"ms5q3un6vd6k0r83c","name":"dr. Crodia Hernandes, Sp.An-TI.,FIP","topic":"Resusitasi Perdarahan Pascapersalinan (PPH)","display_order":9,"is_deleted":false,"created_at":"2026-08-05 05:56:07.665211"}]
[SPEAKERS_GET] Raw query result: [{"id":"ms2qwgvtc1odv3bgh","seminar_id":"ms2q5yqrr4k576eke","name":"Wati Wusana, S.Kep.Ners, MM","topic":"Dekontaminasi Alat","display_order":1,"is_deleted":false,"created_at":"2026-07-27 04:47:12.868353"},{"id":"ms2qwkn4lxzep8i5x","seminar_id":"ms2q5yqrr4k576eke","name":"Wati Wusana, S.Kep.Ners, MM","topic":"Pengelolaan Limbah","display_order":2,"is_deleted":false,"created_at":"2026-07-27 04:47:22.066253"},{"id":"ms2qwovwf1k9vif7p","seminar_id":"ms2q5yqrr4k576eke","name":"Wati Wusana, S.Kep.Ners, MM","topic":"Pengendalian Lingkungan","display_order":3,"is_deleted":false,"created_at":"2026-07-27 04:47:23.238489"},{"id":"ms2qwpqrb8awgvndd","seminar_id":"ms2q5yqrr4k576eke","name":"Wati Wusana, S.Kep.Ners, MM","topic":"Pengelolaan Linen","display_order":4,"is_deleted":false,"created_at":"2026-07-27 04:47:24.352531"},{"id":"ms2qwqmhrpx52ayz0","seminar_id":"ms2q5yqrr4k576eke","name":"Singgih Setyo Aji, S.Kep.Ners.","topic":"Kesehatan Petugas","display_order":5,"is_deleted":false,"created_at":"2026-07-27 04:47:25.61395"},{"id":"ms2qwrlfr79kx1vr6","seminar_id":"ms2q5yqrr4k576eke","name":"Singgih Setyo Aji, S.Kep.Ners.","topic":"Penempatan Pasien","display_order":6,"is_deleted":false,"created_at":"2026-07-27 04:47:26.820768"},{"id":"ms2qwskhi9wyms0rj","seminar_id":"ms2q5yqrr4k576eke","name":"Singgih Setyo Aji, S.Kep.Ners.","topic":"Teknik Penyuntikan yang Aman","display_order":7,"is_deleted":false,"created_at":"2026-07-27 04:47:28.316557"},{"id":"ms2qwtubtffrxande","seminar_id":"ms2q5yqrr4k576eke","name":"Singgih Setyo Aji, S.Kep.Ners.","topic":"Etika Batuk yang Benar","display_order":8,"is_deleted":false,"created_at":"2026-07-27 04:47:29.672537"},{"id":"ms2qwuqm09rnqpvvo","seminar_id":"ms2q5yqrr4k576eke","name":"Singgih Setyo Aji, S.Kep.Ners.","topic":"Lumbal Pungsi","display_order":9,"is_deleted":false,"created_at":"2026-07-27 04:47:30.915145"},{"id":"ms2w578k3z037v78v","seminar_id":"ms2q5yqrr4k576eke","name":"dr. Jhon Kenedi, Sp.N","topic":"Kewaspadaan Berdasar Transmisi","display_order":10,"is_deleted":false,"created_at":"2026-07-27 07:13:58.351961"}]
[SPEAKERS_GET] Raw query result: [{"id":"ms2odenu8oywsj8gm","seminar_id":"ms2oddqy3ojqtsfsy","name":"dr. Desatya Rossa Amygha, MM","topic":"Ketepatan Identifikasi Pasien","display_order":1,"is_deleted":false,"created_at":"2026-07-27 03:36:24.296595"},{"id":"ms2odfki8827m4zf6","seminar_id":"ms2oddqy3ojqtsfsy","name":"dr. Desatya Rossa Amygha, MM","topic":"Komunikasi Efektif","display_order":2,"is_deleted":false,"created_at":"2026-07-27 03:36:25.472616"},{"id":"ms2odggyazt2wrqur","seminar_id":"ms2oddqy3ojqtsfsy","name":"dr. Desatya Rossa Amygha, MM","topic":"Keamanan Obat yang Perlu Diwaspadai","display_order":3,"is_deleted":false,"created_at":"2026-07-27 03:36:26.641725"},{"id":"ms2odhd3qpfzulfhb","seminar_id":"ms2oddqy3ojqtsfsy","name":"dr. Desatya Rossa Amygha, MM","topic":"Tepat Lokasi, Tepat Prosedur, Tepat Pasien Operasi","display_order":4,"is_deleted":false,"created_at":"2026-07-27 03:36:27.793096"},{"id":"ms2odiaqrvka9x9q6","seminar_id":"ms2oddqy3ojqtsfsy","name":"dr. Desatya Rossa Amygha, MM","topic":"Pencegahan dan Pengendalian Infeksi","display_order":5,"is_deleted":false,"created_at":"2026-07-27 03:36:29.008441"},{"id":"ms8ec3pounag3bm52","seminar_id":"ms2oddqy3ojqtsfsy","name":"dr. Desatya Rossa Amygha, MM","topic":"Pencegahan Risiko Pasien Jatuh","display_order":6,"is_deleted":false,"created_at":"2026-07-31 03:42:04.342932"}]
[SPEAKERS_GET] Data ditemukan: 7 record(s)
[SPEAKERS_GET] Raw query result: [{"id":"ms8gln7kn8u2o2baa","seminar_id":"ms5pxu8x5isrztnek","name":"dr. Desatya Rossa Amygha, MM","topic":"Hak Memperoleh Pelayanan","display_order":1,"is_deleted":false,"created_at":"2026-07-31 04:45:28.758484"},{"id":"ms8glo4n9m460nlaf","seminar_id":"ms5pxu8x5isrztnek","name":"dr. Desatya Rossa Amygha, MM","topic":"Hak atas Informasi dan Komunikasi","display_order":2,"is_deleted":false,"created_at":"2026-07-31 04:45:29.948477"},{"id":"ms8glp0wd4p53qguw","seminar_id":"ms5pxu8x5isrztnek","name":"dr. Desatya Rossa Amygha, MM","topic":"Hak Menentukan Pilihan Sendiri","display_order":3,"is_deleted":false,"created_at":"2026-07-31 04:45:31.099096"},{"id":"ms8glpwp0gx0qyp0r","seminar_id":"ms5pxu8x5isrztnek","name":"dr. Desatya Rossa Amygha, MM","topic":"Hak atas Privasi dan Kerahasiaan","display_order":4,"is_deleted":false,"created_at":"2026-07-31 04:45:32.244243"},{"id":"ms8glqvxi5o58hwyg","seminar_id":"ms5pxu8x5isrztnek","name":"dr. Desatya Rossa Amygha, MM","topic":"Hak atas Perlindungan dan Keselamatan","display_order":5,"is_deleted":false,"created_at":"2026-07-31 04:45:33.509784"},{"id":"ms8glrsgcb9rjlhyv","seminar_id":"ms5pxu8x5isrztnek","name":"dr. Desatya Rossa Amygha, MM","topic":"Hak Dihormati sebagai Individu","display_order":6,"is_deleted":false,"created_at":"2026-07-31 04:45:34.694621"},{"id":"ms8glsp1go62sro2s","seminar_id":"ms5pxu8x5isrztnek","name":"dr. Desatya Rossa Amygha, MM","topic":"Hak atas Penyampaian Aspirasi, Keluhan, dan Penyelesaian","display_order":7,"is_deleted":false,"created_at":"2026-07-31 04:45:35.860333"}]
[SPEAKERS_GET] Raw query result: [{"id":"ms2ntuavl3rhypemu","seminar_id":"ms2nttf9cykkopxko","name":"Wati Wusana, S.Kep.Ns, MM","topic":"Prinsip-Prinsip PPI dalam Phlebotomy","display_order":1,"is_deleted":false,"created_at":"2026-07-27 03:21:11.442271"},{"id":"ms2ntv6y52xtexzyh","seminar_id":"ms2nttf9cykkopxko","name":"Umi Aminatul Kirom, S.Si.T, M.Kes","topic":"Sinergi dalam Phlebotomy: Meningkatkan Keselamatan Pasien dan Kualitas Spesimen","display_order":2,"is_deleted":false,"created_at":"2026-07-27 03:21:12.601342"},{"id":"ms8ea0l86autxwdj5","seminar_id":"ms2nttf9cykkopxko","name":"dr. Hegaria Rahmawati, M.Kes.,Sp.PK(K).","topic":"Phlebotomy: Faktor Penyulit, Komplikasi dan Penanganan","display_order":3,"is_deleted":false,"created_at":"2026-07-31 03:40:26.98639"}]
[SPEAKERS_GET] seminarId dari URL: ms2lo0wjpr9iv7mjr
[SPEAKERS_GET] Memulai query...
[SPEAKERS_GET] Data ditemukan: 3 record(s)
[SPEAKERS_GET] Data ditemukan: 10 record(s)
[SPEAKERS_GET] Data ditemukan: 7 record(s)
[SPEAKERS_GET] Data ditemukan: 6 record(s)
[SPEAKERS_GET] Data ditemukan: 3 record(s)
[SPEAKERS_GET] Raw query result: [{"id":"ms2lo3pvvpevearqa","seminar_id":"ms2lo0wjpr9iv7mjr","name":"Wati Wusana, S.Kep.Ns, MM","topic":"Pengertian Hygienitas Makanan","display_order":1,"is_deleted":false,"created_at":"2026-07-27 02:20:44.482144"},{"id":"ms2lo4mrmrbel5vw8","seminar_id":"ms2lo0wjpr9iv7mjr","name":"Wati Wusana, S.Kep.Ns, MM","topic":"Pelayanan Makanan dalam Fokus Program PPI","display_order":2,"is_deleted":false,"created_at":"2026-07-27 02:20:45.666039"},{"id":"ms2lo5jfuczzsc243","seminar_id":"ms2lo0wjpr9iv7mjr","name":"Wati Wusana, S.Kep.Ns, MM","topic":"Pelayanan Gizi - Identifikasi Risiko Infeksi","display_order":3,"is_deleted":false,"created_at":"2026-07-27 02:20:46.842037"},{"id":"ms2lo6qefo2zk0i1g","seminar_id":"ms2lo0wjpr9iv7mjr","name":"Wati Wusana, S.Kep.Ns, MM","topic":"Proses Pengolahan Makanan di RS","display_order":4,"is_deleted":false,"created_at":"2026-07-27 02:20:48.388864"}]
[SPEAKERS_GET] seminarId dari URL: ms5orpa34hgapetos
[SPEAKERS_GET] Memulai query...
[SPEAKERS_GET] Raw query result: [{"id":"ms5orq6sjj107zu3f","seminar_id":"ms5orpa34hgapetos","name":"dr. Desatya Rossa Amygha, MM","topic":"Konsep Peningkatan Mutu dengan PDSA","display_order":1,"is_deleted":false,"created_at":"2026-07-29 06:10:50.946236"},{"id":"ms5orr3ri7z5ztc8b","seminar_id":"ms5orpa34hgapetos","name":"dr. Desatya Rossa Amygha, MM","topic":"Pemilihan, Penetapan Indikator Mutu","display_order":2,"is_deleted":false,"created_at":"2026-07-29 06:10:52.140225"},{"id":"ms5ors3lrho8sof4c","seminar_id":"ms5orpa34hgapetos","name":"dr. Desatya Rossa Amygha, MM","topic":"Penyusunan Profil Mutu","display_order":3,"is_deleted":false,"created_at":"2026-07-29 06:10:53.421262"},{"id":"ms5orsyt81kqb5hj4","seminar_id":"ms5orpa34hgapetos","name":"dr. Desatya Rossa Amygha, MM","topic":"Perbaikan Mutu Prioritas","display_order":4,"is_deleted":false,"created_at":"2026-07-29 06:10:54.546991"}]
[SPEAKERS_GET] Data ditemukan: 4 record(s)
[SPEAKERS_GET] seminarId dari URL: ms5jzkwuqsq8x6g0g
[SPEAKERS_GET] Memulai query...
[SPEAKERS_GET] Data ditemukan: 4 record(s)
[SPEAKERS_GET] Raw query result: [{"id":"ms5jzlt5jn506n7yc","seminar_id":"ms5jzkwuqsq8x6g0g","name":"dr. Eva Delsi, Sp.Em, KDM, FICEP","topic":"Tujuan Bantuan Hidup Dasar","display_order":1,"is_deleted":false,"created_at":"2026-07-29 03:57:00.438616"},{"id":"ms5jzmq1gd9qyhv66","seminar_id":"ms5jzkwuqsq8x6g0g","name":"dr. Eva Delsi, Sp.Em, KDM, FICEP","topic":"Indikasi Bantuan Hidup Dasar","display_order":2,"is_deleted":false,"created_at":"2026-07-29 03:57:01.63229"},{"id":"ms5jznnevpz0f44nk","seminar_id":"ms5jzkwuqsq8x6g0g","name":"dr. Eva Delsi, Sp.Em, KDM, FICEP","topic":"Langkah-langkah Resusitasi Jantung dan Paru","display_order":3,"is_deleted":false,"created_at":"2026-07-29 03:57:02.830453"},{"id":"ms5jzok8xljn3q14j","seminar_id":"ms5jzkwuqsq8x6g0g","name":"Wati Wusana, S.Kep.Ns, M.M","topic":"Kewaspadaan Standar","display_order":4,"is_deleted":false,"created_at":"2026-07-29 03:57:04.006821"},{"id":"ms5jzpgmprveog115","seminar_id":"ms5jzkwuqsq8x6g0g","name":"Wati Wusana, S.Kep.Ns, M.M","topic":"Kewaspadaan Transmisi","display_order":5,"is_deleted":false,"created_at":"2026-07-29 03:57:05.172598"},{"id":"ms5jzqcs50w2jyoi3","seminar_id":"ms5jzkwuqsq8x6g0g","name":"dr. Muhammad Ilham Agung Nugroho","topic":"Penggunaan Alat Pemadam Api Ringan","display_order":6,"is_deleted":false,"created_at":"2026-07-29 03:57:06.338069"},{"id":"ms5jzr9uw8d4p9262","seminar_id":"ms5jzkwuqsq8x6g0g","name":"dr. Muhammad Ilham Agung Nugroho","topic":"Jalur Evakuasi dan Titik Kumpul","display_order":7,"is_deleted":false,"created_at":"2026-07-29 03:57:07.521489"},{"id":"ms5jzs6fkxc86dk1m","seminar_id":"ms5jzkwuqsq8x6g0g","name":"dr. Muhammad Ilham Agung Nugroho","topic":"Sistem Kode Darurat","display_order":8,"is_deleted":false,"created_at":"2026-07-29 03:57:08.699746"},{"id":"ms5jzt95d5dgp3g7p","seminar_id":"ms5jzkwuqsq8x6g0g","name":"dr. Muhammad Ilham Agung Nugroho","topic":"Teknik Evakuasi","display_order":9,"is_deleted":false,"created_at":"2026-07-29 03:57:10.09534"}]
[SPEAKERS_GET] Data ditemukan: 9 record(s)
[SPEAKERS_GET] seminarId dari URL: mscli4djefq3dtbz9
[SPEAKERS_GET] Memulai query...
[SPEAKERS_GET] seminarId dari URL: ms5q3un6vd6k0r83c
[SPEAKERS_GET] Memulai query...
[SPEAKERS_GET] seminarId dari URL: ms5pxu8x5isrztnek
[SPEAKERS_GET] Memulai query...
[SPEAKERS_GET] seminarId dari URL: ms2q5yqrr4k576eke
[SPEAKERS_GET] Memulai query...
[SPEAKERS_GET] seminarId dari URL: ms2oddqy3ojqtsfsy
[SPEAKERS_GET] Memulai query...
[SPEAKERS_GET] seminarId dari URL: ms2nttf9cykkopxko
[SPEAKERS_GET] Memulai query...
[SPEAKERS_GET] Raw query result: [{"id":"mscp2taoomhekwxy7","seminar_id":"mscli4djefq3dtbz9","name":"dr. Muhammad Ilham Agung Nugroho","topic":"Dasar-Dasar K3, Penanganan Asuhan Aman, Penanggulangan Kekerasan","display_order":1,"is_deleted":false,"created_at":"2026-08-03 03:53:51.313151"},{"id":"mscp2tc97lr7i8z5n","seminar_id":"mscli4djefq3dtbz9","name":"Wahyu Ekanto  S.Si","topic":"Keselamatan dan Keamanan Fasilitas & Lingkungan","display_order":2,"is_deleted":false,"created_at":"2026-08-03 03:53:51.370403"},{"id":"mscp38nunpuuh7z3z","seminar_id":"mscli4djefq3dtbz9","name":"dr. Muhammad Ilham Agung Nugroho","topic":"Pengamanan Kebakaran","display_order":6,"is_deleted":false,"created_at":"2026-08-03 03:54:11.227312"},{"id":"mscp38osudlm1m1or","seminar_id":"mscli4djefq3dtbz9","name":"Ari Parwanto","topic":"Pengelolaan Sistem Utilitas","display_order":7,"is_deleted":false,"created_at":"2026-08-03 03:54:11.261374"},{"id":"mscp38psj3ppuf303","seminar_id":"mscli4djefq3dtbz9","name":"Wibowo Aryo Tejo, S.T., MM","topic":"Pengelolaan Alat Kesehatan","display_order":8,"is_deleted":false,"created_at":"2026-08-03 03:54:11.297089"},{"id":"mscp38qspk0bl3vcf","seminar_id":"mscli4djefq3dtbz9","name":"Fakhri Dzulfiqar, S.Tr.Kes","topic":"Pengelolaan B3 dan Limbah B3","display_order":9,"is_deleted":false,"created_at":"2026-08-03 03:54:11.332931"},{"id":"mscp38s07wbt7v6db","seminar_id":"mscli4djefq3dtbz9","name":"dr. Eva Delsi, Sp.Em,KDM,FICEP","topic":"Kesiapsiagaan dalam Kondisi Darurat dan Bencana","display_order":10,"is_deleted":false,"created_at":"2026-08-03 03:54:11.376506"}]
[SPEAKERS_GET] Raw query result: [{"id":"msfob256vd9w7pc1n","seminar_id":"ms5q3un6vd6k0r83c","name":"dr. Rika Erlinawati Sakinah, Sp.OG.","topic":"Optimalisasi Pelayanan Keluarga Berencana Pasca Persalinan dan Pasca Keguguran","display_order":1,"is_deleted":false,"created_at":"2026-08-05 05:55:34.940249"},{"id":"msfob8rw84tvnyaxc","seminar_id":"ms5q3un6vd6k0r83c","name":"dr. Rika Erlinawati Sakinah, Sp.OG.","topic":"Penanganan Perdarahan Post Partum Baik Partus Spontan Maupun Post Section Caesarea ","display_order":3,"is_deleted":false,"created_at":"2026-08-05 05:55:43.534324"},{"id":"msfobre61r1adwjjp","seminar_id":"ms5q3un6vd6k0r83c","name":"dr. Crodia Hernandes, Sp.An-TI.,FIP","topic":"Resusitasi Perdarahan Pascapersalinan (PPH)","display_order":9,"is_deleted":false,"created_at":"2026-08-05 05:56:07.665211"}]
[SPEAKERS_GET] Raw query result: [{"id":"ms2qwgvtc1odv3bgh","seminar_id":"ms2q5yqrr4k576eke","name":"Wati Wusana, S.Kep.Ners, MM","topic":"Dekontaminasi Alat","display_order":1,"is_deleted":false,"created_at":"2026-07-27 04:47:12.868353"},{"id":"ms2qwkn4lxzep8i5x","seminar_id":"ms2q5yqrr4k576eke","name":"Wati Wusana, S.Kep.Ners, MM","topic":"Pengelolaan Limbah","display_order":2,"is_deleted":false,"created_at":"2026-07-27 04:47:22.066253"},{"id":"ms2qwovwf1k9vif7p","seminar_id":"ms2q5yqrr4k576eke","name":"Wati Wusana, S.Kep.Ners, MM","topic":"Pengendalian Lingkungan","display_order":3,"is_deleted":false,"created_at":"2026-07-27 04:47:23.238489"},{"id":"ms2qwpqrb8awgvndd","seminar_id":"ms2q5yqrr4k576eke","name":"Wati Wusana, S.Kep.Ners, MM","topic":"Pengelolaan Linen","display_order":4,"is_deleted":false,"created_at":"2026-07-27 04:47:24.352531"},{"id":"ms2qwqmhrpx52ayz0","seminar_id":"ms2q5yqrr4k576eke","name":"Singgih Setyo Aji, S.Kep.Ners.","topic":"Kesehatan Petugas","display_order":5,"is_deleted":false,"created_at":"2026-07-27 04:47:25.61395"},{"id":"ms2qwrlfr79kx1vr6","seminar_id":"ms2q5yqrr4k576eke","name":"Singgih Setyo Aji, S.Kep.Ners.","topic":"Penempatan Pasien","display_order":6,"is_deleted":false,"created_at":"2026-07-27 04:47:26.820768"},{"id":"ms2qwskhi9wyms0rj","seminar_id":"ms2q5yqrr4k576eke","name":"Singgih Setyo Aji, S.Kep.Ners.","topic":"Teknik Penyuntikan yang Aman","display_order":7,"is_deleted":false,"created_at":"2026-07-27 04:47:28.316557"},{"id":"ms2qwtubtffrxande","seminar_id":"ms2q5yqrr4k576eke","name":"Singgih Setyo Aji, S.Kep.Ners.","topic":"Etika Batuk yang Benar","display_order":8,"is_deleted":false,"created_at":"2026-07-27 04:47:29.672537"},{"id":"ms2qwuqm09rnqpvvo","seminar_id":"ms2q5yqrr4k576eke","name":"Singgih Setyo Aji, S.Kep.Ners.","topic":"Lumbal Pungsi","display_order":9,"is_deleted":false,"created_at":"2026-07-27 04:47:30.915145"},{"id":"ms2w578k3z037v78v","seminar_id":"ms2q5yqrr4k576eke","name":"dr. Jhon Kenedi, Sp.N","topic":"Kewaspadaan Berdasar Transmisi","display_order":10,"is_deleted":false,"created_at":"2026-07-27 07:13:58.351961"}]
[SPEAKERS_GET] Raw query result: [{"id":"ms8gln7kn8u2o2baa","seminar_id":"ms5pxu8x5isrztnek","name":"dr. Desatya Rossa Amygha, MM","topic":"Hak Memperoleh Pelayanan","display_order":1,"is_deleted":false,"created_at":"2026-07-31 04:45:28.758484"},{"id":"ms8glo4n9m460nlaf","seminar_id":"ms5pxu8x5isrztnek","name":"dr. Desatya Rossa Amygha, MM","topic":"Hak atas Informasi dan Komunikasi","display_order":2,"is_deleted":false,"created_at":"2026-07-31 04:45:29.948477"},{"id":"ms8glp0wd4p53qguw","seminar_id":"ms5pxu8x5isrztnek","name":"dr. Desatya Rossa Amygha, MM","topic":"Hak Menentukan Pilihan Sendiri","display_order":3,"is_deleted":false,"created_at":"2026-07-31 04:45:31.099096"},{"id":"ms8glpwp0gx0qyp0r","seminar_id":"ms5pxu8x5isrztnek","name":"dr. Desatya Rossa Amygha, MM","topic":"Hak atas Privasi dan Kerahasiaan","display_order":4,"is_deleted":false,"created_at":"2026-07-31 04:45:32.244243"},{"id":"ms8glqvxi5o58hwyg","seminar_id":"ms5pxu8x5isrztnek","name":"dr. Desatya Rossa Amygha, MM","topic":"Hak atas Perlindungan dan Keselamatan","display_order":5,"is_deleted":false,"created_at":"2026-07-31 04:45:33.509784"},{"id":"ms8glrsgcb9rjlhyv","seminar_id":"ms5pxu8x5isrztnek","name":"dr. Desatya Rossa Amygha, MM","topic":"Hak Dihormati sebagai Individu","display_order":6,"is_deleted":false,"created_at":"2026-07-31 04:45:34.694621"},{"id":"ms8glsp1go62sro2s","seminar_id":"ms5pxu8x5isrztnek","name":"dr. Desatya Rossa Amygha, MM","topic":"Hak atas Penyampaian Aspirasi, Keluhan, dan Penyelesaian","display_order":7,"is_deleted":false,"created_at":"2026-07-31 04:45:35.860333"}]
[SPEAKERS_GET] Raw query result: [{"id":"ms2odenu8oywsj8gm","seminar_id":"ms2oddqy3ojqtsfsy","name":"dr. Desatya Rossa Amygha, MM","topic":"Ketepatan Identifikasi Pasien","display_order":1,"is_deleted":false,"created_at":"2026-07-27 03:36:24.296595"},{"id":"ms2odfki8827m4zf6","seminar_id":"ms2oddqy3ojqtsfsy","name":"dr. Desatya Rossa Amygha, MM","topic":"Komunikasi Efektif","display_order":2,"is_deleted":false,"created_at":"2026-07-27 03:36:25.472616"},{"id":"ms2odggyazt2wrqur","seminar_id":"ms2oddqy3ojqtsfsy","name":"dr. Desatya Rossa Amygha, MM","topic":"Keamanan Obat yang Perlu Diwaspadai","display_order":3,"is_deleted":false,"created_at":"2026-07-27 03:36:26.641725"},{"id":"ms2odhd3qpfzulfhb","seminar_id":"ms2oddqy3ojqtsfsy","name":"dr. Desatya Rossa Amygha, MM","topic":"Tepat Lokasi, Tepat Prosedur, Tepat Pasien Operasi","display_order":4,"is_deleted":false,"created_at":"2026-07-27 03:36:27.793096"},{"id":"ms2odiaqrvka9x9q6","seminar_id":"ms2oddqy3ojqtsfsy","name":"dr. Desatya Rossa Amygha, MM","topic":"Pencegahan dan Pengendalian Infeksi","display_order":5,"is_deleted":false,"created_at":"2026-07-27 03:36:29.008441"},{"id":"ms8ec3pounag3bm52","seminar_id":"ms2oddqy3ojqtsfsy","name":"dr. Desatya Rossa Amygha, MM","topic":"Pencegahan Risiko Pasien Jatuh","display_order":6,"is_deleted":false,"created_at":"2026-07-31 03:42:04.342932"}]
[SPEAKERS_GET] Raw query result: [{"id":"ms2ntuavl3rhypemu","seminar_id":"ms2nttf9cykkopxko","name":"Wati Wusana, S.Kep.Ns, MM","topic":"Prinsip-Prinsip PPI dalam Phlebotomy","display_order":1,"is_deleted":false,"created_at":"2026-07-27 03:21:11.442271"},{"id":"ms2ntv6y52xtexzyh","seminar_id":"ms2nttf9cykkopxko","name":"Umi Aminatul Kirom, S.Si.T, M.Kes","topic":"Sinergi dalam Phlebotomy: Meningkatkan Keselamatan Pasien dan Kualitas Spesimen","display_order":2,"is_deleted":false,"created_at":"2026-07-27 03:21:12.601342"},{"id":"ms8ea0l86autxwdj5","seminar_id":"ms2nttf9cykkopxko","name":"dr. Hegaria Rahmawati, M.Kes.,Sp.PK(K).","topic":"Phlebotomy: Faktor Penyulit, Komplikasi dan Penanganan","display_order":3,"is_deleted":false,"created_at":"2026-07-31 03:40:26.98639"}]
[SPEAKERS_GET] Data ditemukan: 3 record(s)
[SPEAKERS_GET] Data ditemukan: 7 record(s)
[SPEAKERS_GET] Data ditemukan: 6 record(s)
[SPEAKERS_GET] Data ditemukan: 7 record(s)
[SPEAKERS_GET] Data ditemukan: 10 record(s)
[SPEAKERS_GET] Data ditemukan: 3 record(s)
[SPEAKERS_GET] seminarId dari URL: ms2lo0wjpr9iv7mjr
[SPEAKERS_GET] Memulai query...
[SPEAKERS_GET] seminarId dari URL: ms5orpa34hgapetos
[SPEAKERS_GET] Memulai query...
[SPEAKERS_GET] seminarId dari URL: ms5jzkwuqsq8x6g0g
[SPEAKERS_GET] Memulai query...
[SPEAKERS_GET] Raw query result: [{"id":"ms2lo3pvvpevearqa","seminar_id":"ms2lo0wjpr9iv7mjr","name":"Wati Wusana, S.Kep.Ns, MM","topic":"Pengertian Hygienitas Makanan","display_order":1,"is_deleted":false,"created_at":"2026-07-27 02:20:44.482144"},{"id":"ms2lo4mrmrbel5vw8","seminar_id":"ms2lo0wjpr9iv7mjr","name":"Wati Wusana, S.Kep.Ns, MM","topic":"Pelayanan Makanan dalam Fokus Program PPI","display_order":2,"is_deleted":false,"created_at":"2026-07-27 02:20:45.666039"},{"id":"ms2lo5jfuczzsc243","seminar_id":"ms2lo0wjpr9iv7mjr","name":"Wati Wusana, S.Kep.Ns, MM","topic":"Pelayanan Gizi - Identifikasi Risiko Infeksi","display_order":3,"is_deleted":false,"created_at":"2026-07-27 02:20:46.842037"},{"id":"ms2lo6qefo2zk0i1g","seminar_id":"ms2lo0wjpr9iv7mjr","name":"Wati Wusana, S.Kep.Ns, MM","topic":"Proses Pengolahan Makanan di RS","display_order":4,"is_deleted":false,"created_at":"2026-07-27 02:20:48.388864"}]
[SPEAKERS_GET] Raw query result: [{"id":"ms5orq6sjj107zu3f","seminar_id":"ms5orpa34hgapetos","name":"dr. Desatya Rossa Amygha, MM","topic":"Konsep Peningkatan Mutu dengan PDSA","display_order":1,"is_deleted":false,"created_at":"2026-07-29 06:10:50.946236"},{"id":"ms5orr3ri7z5ztc8b","seminar_id":"ms5orpa34hgapetos","name":"dr. Desatya Rossa Amygha, MM","topic":"Pemilihan, Penetapan Indikator Mutu","display_order":2,"is_deleted":false,"created_at":"2026-07-29 06:10:52.140225"},{"id":"ms5ors3lrho8sof4c","seminar_id":"ms5orpa34hgapetos","name":"dr. Desatya Rossa Amygha, MM","topic":"Penyusunan Profil Mutu","display_order":3,"is_deleted":false,"created_at":"2026-07-29 06:10:53.421262"},{"id":"ms5orsyt81kqb5hj4","seminar_id":"ms5orpa34hgapetos","name":"dr. Desatya Rossa Amygha, MM","topic":"Perbaikan Mutu Prioritas","display_order":4,"is_deleted":false,"created_at":"2026-07-29 06:10:54.546991"}]
[SPEAKERS_GET] Raw query result: [{"id":"ms5jzlt5jn506n7yc","seminar_id":"ms5jzkwuqsq8x6g0g","name":"dr. Eva Delsi, Sp.Em, KDM, FICEP","topic":"Tujuan Bantuan Hidup Dasar","display_order":1,"is_deleted":false,"created_at":"2026-07-29 03:57:00.438616"},{"id":"ms5jzmq1gd9qyhv66","seminar_id":"ms5jzkwuqsq8x6g0g","name":"dr. Eva Delsi, Sp.Em, KDM, FICEP","topic":"Indikasi Bantuan Hidup Dasar","display_order":2,"is_deleted":false,"created_at":"2026-07-29 03:57:01.63229"},{"id":"ms5jznnevpz0f44nk","seminar_id":"ms5jzkwuqsq8x6g0g","name":"dr. Eva Delsi, Sp.Em, KDM, FICEP","topic":"Langkah-langkah Resusitasi Jantung dan Paru","display_order":3,"is_deleted":false,"created_at":"2026-07-29 03:57:02.830453"},{"id":"ms5jzok8xljn3q14j","seminar_id":"ms5jzkwuqsq8x6g0g","name":"Wati Wusana, S.Kep.Ns, M.M","topic":"Kewaspadaan Standar","display_order":4,"is_deleted":false,"created_at":"2026-07-29 03:57:04.006821"},{"id":"ms5jzpgmprveog115","seminar_id":"ms5jzkwuqsq8x6g0g","name":"Wati Wusana, S.Kep.Ns, M.M","topic":"Kewaspadaan Transmisi","display_order":5,"is_deleted":false,"created_at":"2026-07-29 03:57:05.172598"},{"id":"ms5jzqcs50w2jyoi3","seminar_id":"ms5jzkwuqsq8x6g0g","name":"dr. Muhammad Ilham Agung Nugroho","topic":"Penggunaan Alat Pemadam Api Ringan","display_order":6,"is_deleted":false,"created_at":"2026-07-29 03:57:06.338069"},{"id":"ms5jzr9uw8d4p9262","seminar_id":"ms5jzkwuqsq8x6g0g","name":"dr. Muhammad Ilham Agung Nugroho","topic":"Jalur Evakuasi dan Titik Kumpul","display_order":7,"is_deleted":false,"created_at":"2026-07-29 03:57:07.521489"},{"id":"ms5jzs6fkxc86dk1m","seminar_id":"ms5jzkwuqsq8x6g0g","name":"dr. Muhammad Ilham Agung Nugroho","topic":"Sistem Kode Darurat","display_order":8,"is_deleted":false,"created_at":"2026-07-29 03:57:08.699746"},{"id":"ms5jzt95d5dgp3g7p","seminar_id":"ms5jzkwuqsq8x6g0g","name":"dr. Muhammad Ilham Agung Nugroho","topic":"Teknik Evakuasi","display_order":9,"is_deleted":false,"created_at":"2026-07-29 03:57:10.09534"}]
[SPEAKERS_GET] Data ditemukan: 4 record(s)
[SPEAKERS_GET] Data ditemukan: 4 record(s)
[SPEAKERS_GET] Data ditemukan: 9 record(s)
[SPEAKERS_GET] seminarId dari URL: mscli4djefq3dtbz9
[SPEAKERS_GET] Memulai query...
[SPEAKERS_GET] seminarId dari URL: ms5q3un6vd6k0r83c
[SPEAKERS_GET] Memulai query...
[SPEAKERS_GET] seminarId dari URL: ms5pxu8x5isrztnek
[SPEAKERS_GET] Memulai query...
[SPEAKERS_GET] seminarId dari URL: ms2q5yqrr4k576eke
[SPEAKERS_GET] Memulai query...
[SPEAKERS_GET] seminarId dari URL: ms2oddqy3ojqtsfsy
[SPEAKERS_GET] Memulai query...
[SPEAKERS_GET] Raw query result: [{"id":"mscp2taoomhekwxy7","seminar_id":"mscli4djefq3dtbz9","name":"dr. Muhammad Ilham Agung Nugroho","topic":"Dasar-Dasar K3, Penanganan Asuhan Aman, Penanggulangan Kekerasan","display_order":1,"is_deleted":false,"created_at":"2026-08-03 03:53:51.313151"},{"id":"mscp2tc97lr7i8z5n","seminar_id":"mscli4djefq3dtbz9","name":"Wahyu Ekanto  S.Si","topic":"Keselamatan dan Keamanan Fasilitas & Lingkungan","display_order":2,"is_deleted":false,"created_at":"2026-08-03 03:53:51.370403"},{"id":"mscp38nunpuuh7z3z","seminar_id":"mscli4djefq3dtbz9","name":"dr. Muhammad Ilham Agung Nugroho","topic":"Pengamanan Kebakaran","display_order":6,"is_deleted":false,"created_at":"2026-08-03 03:54:11.227312"},{"id":"mscp38osudlm1m1or","seminar_id":"mscli4djefq3dtbz9","name":"Ari Parwanto","topic":"Pengelolaan Sistem Utilitas","display_order":7,"is_deleted":false,"created_at":"2026-08-03 03:54:11.261374"},{"id":"mscp38psj3ppuf303","seminar_id":"mscli4djefq3dtbz9","name":"Wibowo Aryo Tejo, S.T., MM","topic":"Pengelolaan Alat Kesehatan","display_order":8,"is_deleted":false,"created_at":"2026-08-03 03:54:11.297089"},{"id":"mscp38qspk0bl3vcf","seminar_id":"mscli4djefq3dtbz9","name":"Fakhri Dzulfiqar, S.Tr.Kes","topic":"Pengelolaan B3 dan Limbah B3","display_order":9,"is_deleted":false,"created_at":"2026-08-03 03:54:11.332931"},{"id":"mscp38s07wbt7v6db","seminar_id":"mscli4djefq3dtbz9","name":"dr. Eva Delsi, Sp.Em,KDM,FICEP","topic":"Kesiapsiagaan dalam Kondisi Darurat dan Bencana","display_order":10,"is_deleted":false,"created_at":"2026-08-03 03:54:11.376506"}]
[SPEAKERS_GET] Raw query result: [{"id":"msfob256vd9w7pc1n","seminar_id":"ms5q3un6vd6k0r83c","name":"dr. Rika Erlinawati Sakinah, Sp.OG.","topic":"Optimalisasi Pelayanan Keluarga Berencana Pasca Persalinan dan Pasca Keguguran","display_order":1,"is_deleted":false,"created_at":"2026-08-05 05:55:34.940249"},{"id":"msfob8rw84tvnyaxc","seminar_id":"ms5q3un6vd6k0r83c","name":"dr. Rika Erlinawati Sakinah, Sp.OG.","topic":"Penanganan Perdarahan Post Partum Baik Partus Spontan Maupun Post Section Caesarea ","display_order":3,"is_deleted":false,"created_at":"2026-08-05 05:55:43.534324"},{"id":"msfobre61r1adwjjp","seminar_id":"ms5q3un6vd6k0r83c","name":"dr. Crodia Hernandes, Sp.An-TI.,FIP","topic":"Resusitasi Perdarahan Pascapersalinan (PPH)","display_order":9,"is_deleted":false,"created_at":"2026-08-05 05:56:07.665211"}]
[SPEAKERS_GET] Raw query result: [{"id":"ms8gln7kn8u2o2baa","seminar_id":"ms5pxu8x5isrztnek","name":"dr. Desatya Rossa Amygha, MM","topic":"Hak Memperoleh Pelayanan","display_order":1,"is_deleted":false,"created_at":"2026-07-31 04:45:28.758484"},{"id":"ms8glo4n9m460nlaf","seminar_id":"ms5pxu8x5isrztnek","name":"dr. Desatya Rossa Amygha, MM","topic":"Hak atas Informasi dan Komunikasi","display_order":2,"is_deleted":false,"created_at":"2026-07-31 04:45:29.948477"},{"id":"ms8glp0wd4p53qguw","seminar_id":"ms5pxu8x5isrztnek","name":"dr. Desatya Rossa Amygha, MM","topic":"Hak Menentukan Pilihan Sendiri","display_order":3,"is_deleted":false,"created_at":"2026-07-31 04:45:31.099096"},{"id":"ms8glpwp0gx0qyp0r","seminar_id":"ms5pxu8x5isrztnek","name":"dr. Desatya Rossa Amygha, MM","topic":"Hak atas Privasi dan Kerahasiaan","display_order":4,"is_deleted":false,"created_at":"2026-07-31 04:45:32.244243"},{"id":"ms8glqvxi5o58hwyg","seminar_id":"ms5pxu8x5isrztnek","name":"dr. Desatya Rossa Amygha, MM","topic":"Hak atas Perlindungan dan Keselamatan","display_order":5,"is_deleted":false,"created_at":"2026-07-31 04:45:33.509784"},{"id":"ms8glrsgcb9rjlhyv","seminar_id":"ms5pxu8x5isrztnek","name":"dr. Desatya Rossa Amygha, MM","topic":"Hak Dihormati sebagai Individu","display_order":6,"is_deleted":false,"created_at":"2026-07-31 04:45:34.694621"},{"id":"ms8glsp1go62sro2s","seminar_id":"ms5pxu8x5isrztnek","name":"dr. Desatya Rossa Amygha, MM","topic":"Hak atas Penyampaian Aspirasi, Keluhan, dan Penyelesaian","display_order":7,"is_deleted":false,"created_at":"2026-07-31 04:45:35.860333"}]
[SPEAKERS_GET] Raw query result: [{"id":"ms2qwgvtc1odv3bgh","seminar_id":"ms2q5yqrr4k576eke","name":"Wati Wusana, S.Kep.Ners, MM","topic":"Dekontaminasi Alat","display_order":1,"is_deleted":false,"created_at":"2026-07-27 04:47:12.868353"},{"id":"ms2qwkn4lxzep8i5x","seminar_id":"ms2q5yqrr4k576eke","name":"Wati Wusana, S.Kep.Ners, MM","topic":"Pengelolaan Limbah","display_order":2,"is_deleted":false,"created_at":"2026-07-27 04:47:22.066253"},{"id":"ms2qwovwf1k9vif7p","seminar_id":"ms2q5yqrr4k576eke","name":"Wati Wusana, S.Kep.Ners, MM","topic":"Pengendalian Lingkungan","display_order":3,"is_deleted":false,"created_at":"2026-07-27 04:47:23.238489"},{"id":"ms2qwpqrb8awgvndd","seminar_id":"ms2q5yqrr4k576eke","name":"Wati Wusana, S.Kep.Ners, MM","topic":"Pengelolaan Linen","display_order":4,"is_deleted":false,"created_at":"2026-07-27 04:47:24.352531"},{"id":"ms2qwqmhrpx52ayz0","seminar_id":"ms2q5yqrr4k576eke","name":"Singgih Setyo Aji, S.Kep.Ners.","topic":"Kesehatan Petugas","display_order":5,"is_deleted":false,"created_at":"2026-07-27 04:47:25.61395"},{"id":"ms2qwrlfr79kx1vr6","seminar_id":"ms2q5yqrr4k576eke","name":"Singgih Setyo Aji, S.Kep.Ners.","topic":"Penempatan Pasien","display_order":6,"is_deleted":false,"created_at":"2026-07-27 04:47:26.820768"},{"id":"ms2qwskhi9wyms0rj","seminar_id":"ms2q5yqrr4k576eke","name":"Singgih Setyo Aji, S.Kep.Ners.","topic":"Teknik Penyuntikan yang Aman","display_order":7,"is_deleted":false,"created_at":"2026-07-27 04:47:28.316557"},{"id":"ms2qwtubtffrxande","seminar_id":"ms2q5yqrr4k576eke","name":"Singgih Setyo Aji, S.Kep.Ners.","topic":"Etika Batuk yang Benar","display_order":8,"is_deleted":false,"created_at":"2026-07-27 04:47:29.672537"},{"id":"ms2qwuqm09rnqpvvo","seminar_id":"ms2q5yqrr4k576eke","name":"Singgih Setyo Aji, S.Kep.Ners.","topic":"Lumbal Pungsi","display_order":9,"is_deleted":false,"created_at":"2026-07-27 04:47:30.915145"},{"id":"ms2w578k3z037v78v","seminar_id":"ms2q5yqrr4k576eke","name":"dr. Jhon Kenedi, Sp.N","topic":"Kewaspadaan Berdasar Transmisi","display_order":10,"is_deleted":false,"created_at":"2026-07-27 07:13:58.351961"}]
[SPEAKERS_GET] Raw query result: [{"id":"ms2odenu8oywsj8gm","seminar_id":"ms2oddqy3ojqtsfsy","name":"dr. Desatya Rossa Amygha, MM","topic":"Ketepatan Identifikasi Pasien","display_order":1,"is_deleted":false,"created_at":"2026-07-27 03:36:24.296595"},{"id":"ms2odfki8827m4zf6","seminar_id":"ms2oddqy3ojqtsfsy","name":"dr. Desatya Rossa Amygha, MM","topic":"Komunikasi Efektif","display_order":2,"is_deleted":false,"created_at":"2026-07-27 03:36:25.472616"},{"id":"ms2odggyazt2wrqur","seminar_id":"ms2oddqy3ojqtsfsy","name":"dr. Desatya Rossa Amygha, MM","topic":"Keamanan Obat yang Perlu Diwaspadai","display_order":3,"is_deleted":false,"created_at":"2026-07-27 03:36:26.641725"},{"id":"ms2odhd3qpfzulfhb","seminar_id":"ms2oddqy3ojqtsfsy","name":"dr. Desatya Rossa Amygha, MM","topic":"Tepat Lokasi, Tepat Prosedur, Tepat Pasien Operasi","display_order":4,"is_deleted":false,"created_at":"2026-07-27 03:36:27.793096"},{"id":"ms2odiaqrvka9x9q6","seminar_id":"ms2oddqy3ojqtsfsy","name":"dr. Desatya Rossa Amygha, MM","topic":"Pencegahan dan Pengendalian Infeksi","display_order":5,"is_deleted":false,"created_at":"2026-07-27 03:36:29.008441"},{"id":"ms8ec3pounag3bm52","seminar_id":"ms2oddqy3ojqtsfsy","name":"dr. Desatya Rossa Amygha, MM","topic":"Pencegahan Risiko Pasien Jatuh","display_order":6,"is_deleted":false,"created_at":"2026-07-31 03:42:04.342932"}]
[SPEAKERS_GET] seminarId dari URL: ms2nttf9cykkopxko
[SPEAKERS_GET] Memulai query...
[SPEAKERS_GET] Data ditemukan: 7 record(s)
[SPEAKERS_GET] Data ditemukan: 7 record(s)
[SPEAKERS_GET] Data ditemukan: 3 record(s)
[SPEAKERS_GET] Data ditemukan: 10 record(s)
[SPEAKERS_GET] Raw query result: [{"id":"ms2ntuavl3rhypemu","seminar_id":"ms2nttf9cykkopxko","name":"Wati Wusana, S.Kep.Ns, MM","topic":"Prinsip-Prinsip PPI dalam Phlebotomy","display_order":1,"is_deleted":false,"created_at":"2026-07-27 03:21:11.442271"},{"id":"ms2ntv6y52xtexzyh","seminar_id":"ms2nttf9cykkopxko","name":"Umi Aminatul Kirom, S.Si.T, M.Kes","topic":"Sinergi dalam Phlebotomy: Meningkatkan Keselamatan Pasien dan Kualitas Spesimen","display_order":2,"is_deleted":false,"created_at":"2026-07-27 03:21:12.601342"},{"id":"ms8ea0l86autxwdj5","seminar_id":"ms2nttf9cykkopxko","name":"dr. Hegaria Rahmawati, M.Kes.,Sp.PK(K).","topic":"Phlebotomy: Faktor Penyulit, Komplikasi dan Penanganan","display_order":3,"is_deleted":false,"created_at":"2026-07-31 03:40:26.98639"}]
[SPEAKERS_GET] Data ditemukan: 6 record(s)
[SPEAKERS_GET] seminarId dari URL: ms2lo0wjpr9iv7mjr
[SPEAKERS_GET] Memulai query...
[SPEAKERS_GET] seminarId dari URL: ms5orpa34hgapetos
[SPEAKERS_GET] Memulai query...
[SPEAKERS_GET] seminarId dari URL: ms5jzkwuqsq8x6g0g
[SPEAKERS_GET] Memulai query...
[SPEAKERS_GET] Raw query result: [{"id":"ms2lo3pvvpevearqa","seminar_id":"ms2lo0wjpr9iv7mjr","name":"Wati Wusana, S.Kep.Ns, MM","topic":"Pengertian Hygienitas Makanan","display_order":1,"is_deleted":false,"created_at":"2026-07-27 02:20:44.482144"},{"id":"ms2lo4mrmrbel5vw8","seminar_id":"ms2lo0wjpr9iv7mjr","name":"Wati Wusana, S.Kep.Ns, MM","topic":"Pelayanan Makanan dalam Fokus Program PPI","display_order":2,"is_deleted":false,"created_at":"2026-07-27 02:20:45.666039"},{"id":"ms2lo5jfuczzsc243","seminar_id":"ms2lo0wjpr9iv7mjr","name":"Wati Wusana, S.Kep.Ns, MM","topic":"Pelayanan Gizi - Identifikasi Risiko Infeksi","display_order":3,"is_deleted":false,"created_at":"2026-07-27 02:20:46.842037"},{"id":"ms2lo6qefo2zk0i1g","seminar_id":"ms2lo0wjpr9iv7mjr","name":"Wati Wusana, S.Kep.Ns, MM","topic":"Proses Pengolahan Makanan di RS","display_order":4,"is_deleted":false,"created_at":"2026-07-27 02:20:48.388864"}]
[SPEAKERS_GET] Raw query result: [{"id":"ms5orq6sjj107zu3f","seminar_id":"ms5orpa34hgapetos","name":"dr. Desatya Rossa Amygha, MM","topic":"Konsep Peningkatan Mutu dengan PDSA","display_order":1,"is_deleted":false,"created_at":"2026-07-29 06:10:50.946236"},{"id":"ms5orr3ri7z5ztc8b","seminar_id":"ms5orpa34hgapetos","name":"dr. Desatya Rossa Amygha, MM","topic":"Pemilihan, Penetapan Indikator Mutu","display_order":2,"is_deleted":false,"created_at":"2026-07-29 06:10:52.140225"},{"id":"ms5ors3lrho8sof4c","seminar_id":"ms5orpa34hgapetos","name":"dr. Desatya Rossa Amygha, MM","topic":"Penyusunan Profil Mutu","display_order":3,"is_deleted":false,"created_at":"2026-07-29 06:10:53.421262"},{"id":"ms5orsyt81kqb5hj4","seminar_id":"ms5orpa34hgapetos","name":"dr. Desatya Rossa Amygha, MM","topic":"Perbaikan Mutu Prioritas","display_order":4,"is_deleted":false,"created_at":"2026-07-29 06:10:54.546991"}]
[SPEAKERS_GET] Raw query result: [{"id":"ms5jzlt5jn506n7yc","seminar_id":"ms5jzkwuqsq8x6g0g","name":"dr. Eva Delsi, Sp.Em, KDM, FICEP","topic":"Tujuan Bantuan Hidup Dasar","display_order":1,"is_deleted":false,"created_at":"2026-07-29 03:57:00.438616"},{"id":"ms5jzmq1gd9qyhv66","seminar_id":"ms5jzkwuqsq8x6g0g","name":"dr. Eva Delsi, Sp.Em, KDM, FICEP","topic":"Indikasi Bantuan Hidup Dasar","display_order":2,"is_deleted":false,"created_at":"2026-07-29 03:57:01.63229"},{"id":"ms5jznnevpz0f44nk","seminar_id":"ms5jzkwuqsq8x6g0g","name":"dr. Eva Delsi, Sp.Em, KDM, FICEP","topic":"Langkah-langkah Resusitasi Jantung dan Paru","display_order":3,"is_deleted":false,"created_at":"2026-07-29 03:57:02.830453"},{"id":"ms5jzok8xljn3q14j","seminar_id":"ms5jzkwuqsq8x6g0g","name":"Wati Wusana, S.Kep.Ns, M.M","topic":"Kewaspadaan Standar","display_order":4,"is_deleted":false,"created_at":"2026-07-29 03:57:04.006821"},{"id":"ms5jzpgmprveog115","seminar_id":"ms5jzkwuqsq8x6g0g","name":"Wati Wusana, S.Kep.Ns, M.M","topic":"Kewaspadaan Transmisi","display_order":5,"is_deleted":false,"created_at":"2026-07-29 03:57:05.172598"},{"id":"ms5jzqcs50w2jyoi3","seminar_id":"ms5jzkwuqsq8x6g0g","name":"dr. Muhammad Ilham Agung Nugroho","topic":"Penggunaan Alat Pemadam Api Ringan","display_order":6,"is_deleted":false,"created_at":"2026-07-29 03:57:06.338069"},{"id":"ms5jzr9uw8d4p9262","seminar_id":"ms5jzkwuqsq8x6g0g","name":"dr. Muhammad Ilham Agung Nugroho","topic":"Jalur Evakuasi dan Titik Kumpul","display_order":7,"is_deleted":false,"created_at":"2026-07-29 03:57:07.521489"},{"id":"ms5jzs6fkxc86dk1m","seminar_id":"ms5jzkwuqsq8x6g0g","name":"dr. Muhammad Ilham Agung Nugroho","topic":"Sistem Kode Darurat","display_order":8,"is_deleted":false,"created_at":"2026-07-29 03:57:08.699746"},{"id":"ms5jzt95d5dgp3g7p","seminar_id":"ms5jzkwuqsq8x6g0g","name":"dr. Muhammad Ilham Agung Nugroho","topic":"Teknik Evakuasi","display_order":9,"is_deleted":false,"created_at":"2026-07-29 03:57:10.09534"}]
[SPEAKERS_GET] Data ditemukan: 3 record(s)
[SPEAKERS_GET] Data ditemukan: 4 record(s)
[SPEAKERS_GET] Data ditemukan: 4 record(s)
[SPEAKERS_GET] Data ditemukan: 9 record(s)
[SPEAKERS_GET] seminarId dari URL: ms5q3un6vd6k0r83c
[SPEAKERS_GET] Memulai query...
[SPEAKERS_GET] Raw query result: [{"id":"msfob256vd9w7pc1n","seminar_id":"ms5q3un6vd6k0r83c","name":"dr. Rika Erlinawati Sakinah, Sp.OG.","topic":"Optimalisasi Pelayanan Keluarga Berencana Pasca Persalinan dan Pasca Keguguran","display_order":1,"is_deleted":false,"created_at":"2026-08-05 05:55:34.940249"},{"id":"msfob8rw84tvnyaxc","seminar_id":"ms5q3un6vd6k0r83c","name":"dr. Rika Erlinawati Sakinah, Sp.OG.","topic":"Penanganan Perdarahan Post Partum Baik Partus Spontan Maupun Post Section Caesarea ","display_order":3,"is_deleted":false,"created_at":"2026-08-05 05:55:43.534324"},{"id":"msfobre61r1adwjjp","seminar_id":"ms5q3un6vd6k0r83c","name":"dr. Crodia Hernandes, Sp.An-TI.,FIP","topic":"Resusitasi Perdarahan Pascapersalinan (PPH)","display_order":9,"is_deleted":false,"created_at":"2026-08-05 05:56:07.665211"}]
[SPEAKERS_GET] Data ditemukan: 3 record(s)
[SPEAKERS_GET] seminarId dari URL: ms5pxu8x5isrztnek
[SPEAKERS_GET] Memulai query...
[SPEAKERS_GET] seminarId dari URL: ms2oddqy3ojqtsfsy
[SPEAKERS_GET] Memulai query...
[SPEAKERS_GET] seminarId dari URL: ms2nttf9cykkopxko
[SPEAKERS_GET] Memulai query...
[SPEAKERS_GET] seminarId dari URL: ms5orpa34hgapetos
[SPEAKERS_GET] Memulai query...
[SPEAKERS_GET] Raw query result: [{"id":"ms8gln7kn8u2o2baa","seminar_id":"ms5pxu8x5isrztnek","name":"dr. Desatya Rossa Amygha, MM","topic":"Hak Memperoleh Pelayanan","display_order":1,"is_deleted":false,"created_at":"2026-07-31 04:45:28.758484"},{"id":"ms8glo4n9m460nlaf","seminar_id":"ms5pxu8x5isrztnek","name":"dr. Desatya Rossa Amygha, MM","topic":"Hak atas Informasi dan Komunikasi","display_order":2,"is_deleted":false,"created_at":"2026-07-31 04:45:29.948477"},{"id":"ms8glp0wd4p53qguw","seminar_id":"ms5pxu8x5isrztnek","name":"dr. Desatya Rossa Amygha, MM","topic":"Hak Menentukan Pilihan Sendiri","display_order":3,"is_deleted":false,"created_at":"2026-07-31 04:45:31.099096"},{"id":"ms8glpwp0gx0qyp0r","seminar_id":"ms5pxu8x5isrztnek","name":"dr. Desatya Rossa Amygha, MM","topic":"Hak atas Privasi dan Kerahasiaan","display_order":4,"is_deleted":false,"created_at":"2026-07-31 04:45:32.244243"},{"id":"ms8glqvxi5o58hwyg","seminar_id":"ms5pxu8x5isrztnek","name":"dr. Desatya Rossa Amygha, MM","topic":"Hak atas Perlindungan dan Keselamatan","display_order":5,"is_deleted":false,"created_at":"2026-07-31 04:45:33.509784"},{"id":"ms8glrsgcb9rjlhyv","seminar_id":"ms5pxu8x5isrztnek","name":"dr. Desatya Rossa Amygha, MM","topic":"Hak Dihormati sebagai Individu","display_order":6,"is_deleted":false,"created_at":"2026-07-31 04:45:34.694621"},{"id":"ms8glsp1go62sro2s","seminar_id":"ms5pxu8x5isrztnek","name":"dr. Desatya Rossa Amygha, MM","topic":"Hak atas Penyampaian Aspirasi, Keluhan, dan Penyelesaian","display_order":7,"is_deleted":false,"created_at":"2026-07-31 04:45:35.860333"}]
[SPEAKERS_GET] Raw query result: [{"id":"ms2odenu8oywsj8gm","seminar_id":"ms2oddqy3ojqtsfsy","name":"dr. Desatya Rossa Amygha, MM","topic":"Ketepatan Identifikasi Pasien","display_order":1,"is_deleted":false,"created_at":"2026-07-27 03:36:24.296595"},{"id":"ms2odfki8827m4zf6","seminar_id":"ms2oddqy3ojqtsfsy","name":"dr. Desatya Rossa Amygha, MM","topic":"Komunikasi Efektif","display_order":2,"is_deleted":false,"created_at":"2026-07-27 03:36:25.472616"},{"id":"ms2odggyazt2wrqur","seminar_id":"ms2oddqy3ojqtsfsy","name":"dr. Desatya Rossa Amygha, MM","topic":"Keamanan Obat yang Perlu Diwaspadai","display_order":3,"is_deleted":false,"created_at":"2026-07-27 03:36:26.641725"},{"id":"ms2odhd3qpfzulfhb","seminar_id":"ms2oddqy3ojqtsfsy","name":"dr. Desatya Rossa Amygha, MM","topic":"Tepat Lokasi, Tepat Prosedur, Tepat Pasien Operasi","display_order":4,"is_deleted":false,"created_at":"2026-07-27 03:36:27.793096"},{"id":"ms2odiaqrvka9x9q6","seminar_id":"ms2oddqy3ojqtsfsy","name":"dr. Desatya Rossa Amygha, MM","topic":"Pencegahan dan Pengendalian Infeksi","display_order":5,"is_deleted":false,"created_at":"2026-07-27 03:36:29.008441"},{"id":"ms8ec3pounag3bm52","seminar_id":"ms2oddqy3ojqtsfsy","name":"dr. Desatya Rossa Amygha, MM","topic":"Pencegahan Risiko Pasien Jatuh","display_order":6,"is_deleted":false,"created_at":"2026-07-31 03:42:04.342932"}]
[SPEAKERS_GET] Raw query result: [{"id":"ms2ntuavl3rhypemu","seminar_id":"ms2nttf9cykkopxko","name":"Wati Wusana, S.Kep.Ns, MM","topic":"Prinsip-Prinsip PPI dalam Phlebotomy","display_order":1,"is_deleted":false,"created_at":"2026-07-27 03:21:11.442271"},{"id":"ms2ntv6y52xtexzyh","seminar_id":"ms2nttf9cykkopxko","name":"Umi Aminatul Kirom, S.Si.T, M.Kes","topic":"Sinergi dalam Phlebotomy: Meningkatkan Keselamatan Pasien dan Kualitas Spesimen","display_order":2,"is_deleted":false,"created_at":"2026-07-27 03:21:12.601342"},{"id":"ms8ea0l86autxwdj5","seminar_id":"ms2nttf9cykkopxko","name":"dr. Hegaria Rahmawati, M.Kes.,Sp.PK(K).","topic":"Phlebotomy: Faktor Penyulit, Komplikasi dan Penanganan","display_order":3,"is_deleted":false,"created_at":"2026-07-31 03:40:26.98639"}]
[SPEAKERS_GET] Raw query result: [{"id":"ms5orq6sjj107zu3f","seminar_id":"ms5orpa34hgapetos","name":"dr. Desatya Rossa Amygha, MM","topic":"Konsep Peningkatan Mutu dengan PDSA","display_order":1,"is_deleted":false,"created_at":"2026-07-29 06:10:50.946236"},{"id":"ms5orr3ri7z5ztc8b","seminar_id":"ms5orpa34hgapetos","name":"dr. Desatya Rossa Amygha, MM","topic":"Pemilihan, Penetapan Indikator Mutu","display_order":2,"is_deleted":false,"created_at":"2026-07-29 06:10:52.140225"},{"id":"ms5ors3lrho8sof4c","seminar_id":"ms5orpa34hgapetos","name":"dr. Desatya Rossa Amygha, MM","topic":"Penyusunan Profil Mutu","display_order":3,"is_deleted":false,"created_at":"2026-07-29 06:10:53.421262"},{"id":"ms5orsyt81kqb5hj4","seminar_id":"ms5orpa34hgapetos","name":"dr. Desatya Rossa Amygha, MM","topic":"Perbaikan Mutu Prioritas","display_order":4,"is_deleted":false,"created_at":"2026-07-29 06:10:54.546991"}]
[SPEAKERS_GET] seminarId dari URL: mscli4djefq3dtbz9
[SPEAKERS_GET] Memulai query...
[SPEAKERS_GET] Data ditemukan: 7 record(s)
[SPEAKERS_GET] Data ditemukan: 3 record(s)
[SPEAKERS_GET] Data ditemukan: 6 record(s)
[SPEAKERS_GET] Raw query result: [{"id":"mscp2taoomhekwxy7","seminar_id":"mscli4djefq3dtbz9","name":"dr. Muhammad Ilham Agung Nugroho","topic":"Dasar-Dasar K3, Penanganan Asuhan Aman, Penanggulangan Kekerasan","display_order":1,"is_deleted":false,"created_at":"2026-08-03 03:53:51.313151"},{"id":"mscp2tc97lr7i8z5n","seminar_id":"mscli4djefq3dtbz9","name":"Wahyu Ekanto  S.Si","topic":"Keselamatan dan Keamanan Fasilitas & Lingkungan","display_order":2,"is_deleted":false,"created_at":"2026-08-03 03:53:51.370403"},{"id":"mscp38nunpuuh7z3z","seminar_id":"mscli4djefq3dtbz9","name":"dr. Muhammad Ilham Agung Nugroho","topic":"Pengamanan Kebakaran","display_order":6,"is_deleted":false,"created_at":"2026-08-03 03:54:11.227312"},{"id":"mscp38osudlm1m1or","seminar_id":"mscli4djefq3dtbz9","name":"Ari Parwanto","topic":"Pengelolaan Sistem Utilitas","display_order":7,"is_deleted":false,"created_at":"2026-08-03 03:54:11.261374"},{"id":"mscp38psj3ppuf303","seminar_id":"mscli4djefq3dtbz9","name":"Wibowo Aryo Tejo, S.T., MM","topic":"Pengelolaan Alat Kesehatan","display_order":8,"is_deleted":false,"created_at":"2026-08-03 03:54:11.297089"},{"id":"mscp38qspk0bl3vcf","seminar_id":"mscli4djefq3dtbz9","name":"Fakhri Dzulfiqar, S.Tr.Kes","topic":"Pengelolaan B3 dan Limbah B3","display_order":9,"is_deleted":false,"created_at":"2026-08-03 03:54:11.332931"},{"id":"mscp38s07wbt7v6db","seminar_id":"mscli4djefq3dtbz9","name":"dr. Eva Delsi, Sp.Em,KDM,FICEP","topic":"Kesiapsiagaan dalam Kondisi Darurat dan Bencana","display_order":10,"is_deleted":false,"created_at":"2026-08-03 03:54:11.376506"}]
[SPEAKERS_GET] seminarId dari URL: ms5q3un6vd6k0r83c
[SPEAKERS_GET] Memulai query...
[SPEAKERS_GET] seminarId dari URL: ms2q5yqrr4k576eke
[SPEAKERS_GET] Memulai query...
[SPEAKERS_GET] seminarId dari URL: ms5jzkwuqsq8x6g0g
[SPEAKERS_GET] Memulai query...
[SPEAKERS_GET] Data ditemukan: 4 record(s)
[SPEAKERS_GET] seminarId dari URL: ms2lo0wjpr9iv7mjr
[SPEAKERS_GET] Memulai query...
[SPEAKERS_GET] Raw query result: [{"id":"ms2qwgvtc1odv3bgh","seminar_id":"ms2q5yqrr4k576eke","name":"Wati Wusana, S.Kep.Ners, MM","topic":"Dekontaminasi Alat","display_order":1,"is_deleted":false,"created_at":"2026-07-27 04:47:12.868353"},{"id":"ms2qwkn4lxzep8i5x","seminar_id":"ms2q5yqrr4k576eke","name":"Wati Wusana, S.Kep.Ners, MM","topic":"Pengelolaan Limbah","display_order":2,"is_deleted":false,"created_at":"2026-07-27 04:47:22.066253"},{"id":"ms2qwovwf1k9vif7p","seminar_id":"ms2q5yqrr4k576eke","name":"Wati Wusana, S.Kep.Ners, MM","topic":"Pengendalian Lingkungan","display_order":3,"is_deleted":false,"created_at":"2026-07-27 04:47:23.238489"},{"id":"ms2qwpqrb8awgvndd","seminar_id":"ms2q5yqrr4k576eke","name":"Wati Wusana, S.Kep.Ners, MM","topic":"Pengelolaan Linen","display_order":4,"is_deleted":false,"created_at":"2026-07-27 04:47:24.352531"},{"id":"ms2qwqmhrpx52ayz0","seminar_id":"ms2q5yqrr4k576eke","name":"Singgih Setyo Aji, S.Kep.Ners.","topic":"Kesehatan Petugas","display_order":5,"is_deleted":false,"created_at":"2026-07-27 04:47:25.61395"},{"id":"ms2qwrlfr79kx1vr6","seminar_id":"ms2q5yqrr4k576eke","name":"Singgih Setyo Aji, S.Kep.Ners.","topic":"Penempatan Pasien","display_order":6,"is_deleted":false,"created_at":"2026-07-27 04:47:26.820768"},{"id":"ms2qwskhi9wyms0rj","seminar_id":"ms2q5yqrr4k576eke","name":"Singgih Setyo Aji, S.Kep.Ners.","topic":"Teknik Penyuntikan yang Aman","display_order":7,"is_deleted":false,"created_at":"2026-07-27 04:47:28.316557"},{"id":"ms2qwtubtffrxande","seminar_id":"ms2q5yqrr4k576eke","name":"Singgih Setyo Aji, S.Kep.Ners.","topic":"Etika Batuk yang Benar","display_order":8,"is_deleted":false,"created_at":"2026-07-27 04:47:29.672537"},{"id":"ms2qwuqm09rnqpvvo","seminar_id":"ms2q5yqrr4k576eke","name":"Singgih Setyo Aji, S.Kep.Ners.","topic":"Lumbal Pungsi","display_order":9,"is_deleted":false,"created_at":"2026-07-27 04:47:30.915145"},{"id":"ms2w578k3z037v78v","seminar_id":"ms2q5yqrr4k576eke","name":"dr. Jhon Kenedi, Sp.N","topic":"Kewaspadaan Berdasar Transmisi","display_order":10,"is_deleted":false,"created_at":"2026-07-27 07:13:58.351961"}]
[SPEAKERS_GET] Raw query result: [{"id":"msfob256vd9w7pc1n","seminar_id":"ms5q3un6vd6k0r83c","name":"dr. Rika Erlinawati Sakinah, Sp.OG.","topic":"Optimalisasi Pelayanan Keluarga Berencana Pasca Persalinan dan Pasca Keguguran","display_order":1,"is_deleted":false,"created_at":"2026-08-05 05:55:34.940249"},{"id":"msfob8rw84tvnyaxc","seminar_id":"ms5q3un6vd6k0r83c","name":"dr. Rika Erlinawati Sakinah, Sp.OG.","topic":"Penanganan Perdarahan Post Partum Baik Partus Spontan Maupun Post Section Caesarea ","display_order":3,"is_deleted":false,"created_at":"2026-08-05 05:55:43.534324"},{"id":"msfobre61r1adwjjp","seminar_id":"ms5q3un6vd6k0r83c","name":"dr. Crodia Hernandes, Sp.An-TI.,FIP","topic":"Resusitasi Perdarahan Pascapersalinan (PPH)","display_order":9,"is_deleted":false,"created_at":"2026-08-05 05:56:07.665211"}]
[SPEAKERS_GET] Raw query result: [{"id":"ms5jzlt5jn506n7yc","seminar_id":"ms5jzkwuqsq8x6g0g","name":"dr. Eva Delsi, Sp.Em, KDM, FICEP","topic":"Tujuan Bantuan Hidup Dasar","display_order":1,"is_deleted":false,"created_at":"2026-07-29 03:57:00.438616"},{"id":"ms5jzmq1gd9qyhv66","seminar_id":"ms5jzkwuqsq8x6g0g","name":"dr. Eva Delsi, Sp.Em, KDM, FICEP","topic":"Indikasi Bantuan Hidup Dasar","display_order":2,"is_deleted":false,"created_at":"2026-07-29 03:57:01.63229"},{"id":"ms5jznnevpz0f44nk","seminar_id":"ms5jzkwuqsq8x6g0g","name":"dr. Eva Delsi, Sp.Em, KDM, FICEP","topic":"Langkah-langkah Resusitasi Jantung dan Paru","display_order":3,"is_deleted":false,"created_at":"2026-07-29 03:57:02.830453"},{"id":"ms5jzok8xljn3q14j","seminar_id":"ms5jzkwuqsq8x6g0g","name":"Wati Wusana, S.Kep.Ns, M.M","topic":"Kewaspadaan Standar","display_order":4,"is_deleted":false,"created_at":"2026-07-29 03:57:04.006821"},{"id":"ms5jzpgmprveog115","seminar_id":"ms5jzkwuqsq8x6g0g","name":"Wati Wusana, S.Kep.Ns, M.M","topic":"Kewaspadaan Transmisi","display_order":5,"is_deleted":false,"created_at":"2026-07-29 03:57:05.172598"},{"id":"ms5jzqcs50w2jyoi3","seminar_id":"ms5jzkwuqsq8x6g0g","name":"dr. Muhammad Ilham Agung Nugroho","topic":"Penggunaan Alat Pemadam Api Ringan","display_order":6,"is_deleted":false,"created_at":"2026-07-29 03:57:06.338069"},{"id":"ms5jzr9uw8d4p9262","seminar_id":"ms5jzkwuqsq8x6g0g","name":"dr. Muhammad Ilham Agung Nugroho","topic":"Jalur Evakuasi dan Titik Kumpul","display_order":7,"is_deleted":false,"created_at":"2026-07-29 03:57:07.521489"},{"id":"ms5jzs6fkxc86dk1m","seminar_id":"ms5jzkwuqsq8x6g0g","name":"dr. Muhammad Ilham Agung Nugroho","topic":"Sistem Kode Darurat","display_order":8,"is_deleted":false,"created_at":"2026-07-29 03:57:08.699746"},{"id":"ms5jzt95d5dgp3g7p","seminar_id":"ms5jzkwuqsq8x6g0g","name":"dr. Muhammad Ilham Agung Nugroho","topic":"Teknik Evakuasi","display_order":9,"is_deleted":false,"created_at":"2026-07-29 03:57:10.09534"}]
[SPEAKERS_GET] Raw query result: [{"id":"ms2lo3pvvpevearqa","seminar_id":"ms2lo0wjpr9iv7mjr","name":"Wati Wusana, S.Kep.Ns, MM","topic":"Pengertian Hygienitas Makanan","display_order":1,"is_deleted":false,"created_at":"2026-07-27 02:20:44.482144"},{"id":"ms2lo4mrmrbel5vw8","seminar_id":"ms2lo0wjpr9iv7mjr","name":"Wati Wusana, S.Kep.Ns, MM","topic":"Pelayanan Makanan dalam Fokus Program PPI","display_order":2,"is_deleted":false,"created_at":"2026-07-27 02:20:45.666039"},{"id":"ms2lo5jfuczzsc243","seminar_id":"ms2lo0wjpr9iv7mjr","name":"Wati Wusana, S.Kep.Ns, MM","topic":"Pelayanan Gizi - Identifikasi Risiko Infeksi","display_order":3,"is_deleted":false,"created_at":"2026-07-27 02:20:46.842037"},{"id":"ms2lo6qefo2zk0i1g","seminar_id":"ms2lo0wjpr9iv7mjr","name":"Wati Wusana, S.Kep.Ns, MM","topic":"Proses Pengolahan Makanan di RS","display_order":4,"is_deleted":false,"created_at":"2026-07-27 02:20:48.388864"}]
[SPEAKERS_GET] Data ditemukan: 7 record(s)
[SPEAKERS_GET] Data ditemukan: 3 record(s)
[SPEAKERS_GET] Data ditemukan: 10 record(s)
[SPEAKERS_GET] Data ditemukan: 4 record(s)
[SPEAKERS_GET] Data ditemukan: 9 record(s)
